	BC-456	BC-457	BC-458	BC-459	BC-460	BC-461	BC-464	BC-465	BC-466	BC-467	BC-468	BC-469	BC-470	BC-471	BC-472	BC-473	BC-474	BC-475	BC-476	BC-477
A1B224	0.0673488540420321	0.949228067318899	-3.07731091957273	-3.14681047107122	-3.17131174099481	1.58973289156595	0.496010611148105	-3.15916123344899	-3.21208337494789	-3.13082095917358	-3.13037442094379	-3.00112464763967	-0.0426100408114861	-3.35668428651463	-0.0784568631664971	0.715304128679798	-3.08566196367464	1.4992055763275	-3.14226176668647	-3.14859070032333
A1B225	-0.32194236245107	-4.47138026307988	-4.37903519219367	-4.45395255708073	0.562146794285193	-4.45109367964706	0.696357155287037	-1.26193982598706	-0.0115914743292179	2.7173741416733	-1.13613810267233	-0.391830843221877	0.116929855812344	5.84043743057128	0.478081657886586	0.666896240153055	0.981019201092097	-4.47310094616099	-4.44905779453638	-4.45586790401028
A1B226	0	0	0	3.24475354242268	5.83091481338995	3.25347566917962	3.56089195948212	0	-0.00000000000000128137060152597	0	0	0	4.05335192835602	2.74539708841546	-0.00000000000000128137060152597	3.02853093419394	3.47016853081982	0.00000000000000128137060152597	0	0
A1B227	-1.86147904298103	1.3252466435256	-1.79842496368989	-1.85486135399237	1.2932598859817	-1.85269450474812	-1.78838589322814	1.34035344702562	-1.9098530181866	-1.84183210051065	-1.84146861746595	-1.73715522093524	-1.88379418214904	-2.02828006480884	-1.8914370308682	-1.91648423418215	-1.8051792276262	-1.86940135758714	-1.85115206581029	-1.85631364768185
A1B228	-0.849748086901909	-4.07815348549939	-3.98721793333663	-4.0609850318633	-4.08693954846353	-4.05816897805782	-3.97400185318724	-4.07407162402638	-4.13261962859307	-4.04403293123153	-0.743436936556838	-3.90609545197114	-0.0456937463460795	-4.28250149242509	-0.997704263715546	-4.1405521556571	-0.525924846507286	-4.07984873886637	-4.05616363982669	-4.06287173519995
A1B229	0.0668257879882525	-3.16224416450749	0.42907555874461	0.098713664250222	-3.17054098300366	0.11009266114032	-3.06411133327086	-3.15839055689937	-0.161957411887133	0.168521882527353	-3.12960394073948	-3.00035511133588	-3.18086367842336	-3.35591238405971	-3.19018663993774	-3.2212284619505	-3.08489179818177	0.943194116241469	-3.14149120481815	1.01263413567976
A1B230	-2.6471247113527	-2.65443026625559	-2.57339132129905	-2.63908792163266	-2.66228929511147	-2.63657325295901	-2.56166031963551	-2.65078081046159	0.347578524328535	-2.62395806121049	-2.62353566006106	-2.50157748707824	-2.67296939164446	-2.83847757735303	-2.68180664141933	-2.71035341115894	-2.58127619924202	-2.65594625684285	-2.63478285434444	0.598183761347785
A1B231	-3.52784597071029	-3.53634600270943	-3.44810372143239	-3.51967349719268	-3.54488046976515	-3.51693933971554	-3.43529295211518	-3.53238153586347	-3.58854331443183	-3.50321674959274	0.722207895561233	-3.36952678565968	-3.55591039667316	-3.73521130488546	-0.45429026667402	-0.568458748223066	-3.4567089864974	-3.53799259519953	-3.51499241530796	-3.5215054182851
A1B232	2.83737789874039	1.32442749682609	-1.79924343594024	-1.85568037692255	-1.87569735501316	2.32226725611425	1.77168769599456	-1.86576289131112	-1.90929632996789	-1.84265099962853	2.38267746870279	2.16677291553419	-1.88323765428008	-2.02910056712229	-1.89088045545744	2.01999986213946	-1.80599776779149	-1.87022051642019	-1.85197105368973	1.38182407334107
A1B233	1.1699464492486	-3.53685785912084	-3.44861518259685	-3.52018528107468	-3.54539236292752	-0.263975442430138	-3.43580435350643	-3.53289337511689	-3.58905170137502	-3.50372846091879	-3.50326879552895	0.534708095871287	0.496933278554449	-3.73572395560345	-0.454798559477613	-3.59750179457535	-3.45722048746384	-0.35008400132472	-3.51550417864981	-3.52201721018426
A1B234	2.05063663551164	-2.65631170959087	0.930345132853151	-2.64096908520126	1.42139980634535	0.615021298891937	4.46566299132132	-2.65266218761324	0.34703903278902	-2.62583894491389	0.674705875692599	-2.50345595305676	1.37984319573376	-0.0949649963944744	1.89798933938545	-2.7122358410143	0.88701225925839	-2.65782772760457	-2.63666393868452	-2.64265419077912
A1B235	-1.86147904298103	-1.86809288868343	-1.79842496368989	1.38989218843031	3.16756644228323	1.4007811644315	3.99316369754852	1.34035344702562	3.0039167822134	-1.84183210051065	-1.84146861746595	-1.73715522093524	1.25393626457826	2.15101022908221	1.21976951302071	2.02081944528234	-1.8051792276262	-1.86940135758714	-1.85115206581029	-1.85631364768185
A2B224	-0.602966320289712	-3.83285321359335	-3.74301426300264	-0.571133058418147	-0.673398866234234	-3.8131038811445	-3.72996331560607	-3.82881912565227	-3.88511796265174	-3.79913613994318	-3.79866822365366	-3.662929349692	-3.85192710910878	-4.03497260903957	0.718656607784776	-3.8945379681442	-3.75177964527667	-3.83452866517945	-3.81112231966757	-3.81775100688898
A2B225	-0.849748086901909	-0.88838805610418	-3.99078946600804	-4.0645586630659	-4.09051389024128	-4.06174253131086	-3.97757299715234	-4.07764561527386	-1.08197033299873	-4.0476060906412	-4.0471324942844	-3.90966453496068	-0.961315227974798	-4.28608075949757	-4.10891080760445	0.745303534900013	-3.9996651688281	-0.895002430516465	-0.799998617735485	-4.06644541853332
A2B226	-3.52683010070571	-3.53658260119334	-3.44834015218582	-3.51991006489906	-3.54511708384388	-3.51717590233489	-3.43552935750076	-3.53261812706653	-3.5875269418019	-3.50345328650957	0.721971359510321	-3.36976305653949	-0.417163844487758	-3.73544824038016	-3.56448062589015	-3.59722638941993	-3.45694543414257	-0.349808739304143	-3.51522897429808	-3.52174198939356
A2B227	1.35892711796278	-1.86809288868343	-1.79842496368989	-1.85486135399237	-1.87487814559831	-1.85269450474812	-1.78838589322814	-1.86494377389143	1.14079627740774	-1.84183210051065	-1.84146861746595	-1.73715522093524	2.16955774620698	-2.02828006480884	-1.8914370308682	-1.91648423418215	-1.8051792276262	1.31901909980932	-1.85115206581029	1.38264310995218
A2B228	-0.604447275360642	-3.83434489717529	-3.74450482743787	-3.81737807905849	-3.84302868545452	-3.81459532541907	-3.73145371078844	-3.83031076065217	-3.88659962992304	-3.80062741271977	-3.80015949065255	-3.66441884749825	-3.85340839781055	-4.03646654156279	-3.86316015958355	-0.86749944165685	-3.75327032241392	-3.83602036889368	-3.8126137397263	-3.819242507807
A2B229	0	0	0	0	0.00000000000000128137060152597	4.17578076333597	0	0	-0.00000000000000128137060152597	3.29857235841398	0	0	4.6090547643143	0	3.1112065438889	0.00000000000000256274120305193	0	0.00000000000000128137060152597	0	4.16045423099263
A2B230	-1.86092265641858	-1.86753153944873	-1.79786408944419	-1.85430009192529	-1.8743167521945	-1.85213325708802	-1.78782509080898	-1.86438244527783	-1.90929632996789	-1.84127092564074	1.45921496653812	-1.73659479930471	-1.88323765428008	-2.02771776080329	1.22032608843146	2.02138110189873	-1.80461830555152	-1.86883999980705	-1.85059082842844	1.38320438165436
A2B231	-1.86147904298103	-1.86809288868343	-1.79842496368989	-1.85486135399237	-1.87487814559831	-1.85269450474812	-1.78838589322814	-1.86494377389143	-1.9098530181866	-1.84183210051065	-1.84146861746595	-1.73715522093524	-1.88379418214904	-2.02828006480884	1.21976951302071	1.11204670001178	-1.8051792276262	2.23763755859875	-1.85115206581029	-1.85631364768185
A2B232	-3.52683010070571	-3.53532269390043	-3.44708120176309	-0.273896790771109	-3.54385708758028	-3.51591619965111	-3.43427055178774	-3.5313582613116	-3.5875269418019	-3.50219373045705	-3.50173407118175	-3.36850501806891	1.05416047309924	-3.73418641019306	-0.453274082001241	-0.567434928797889	-3.45568638736038	-3.53696927219444	-3.51396929231895	-0.281525480645356
A2B233	-4.27960232108364	-4.28732590965161	-0.689974426496249	-4.27001036792485	-4.29618656578391	0.466716455357297	-4.18225422609588	-4.28320923724628	-4.34259170383844	-4.2529112902786	-0.0274685942922572	-4.1137108349001	-1.17100850716003	-4.49329561856929	-1.20748014213664	-4.35024454843912	-4.20454653945962	0.37478549817155	-4.26514735086965	-1.03295656414201
A2B234	-0.60345985425814	-0.64001079069459	1.66354778485001	-0.571630099346182	-3.84203404177386	-3.81360091077015	-3.73045999590438	-3.82931621878568	0.0752423828166144	-3.79963311246338	-0.499042782663603	0.241320234831208	-3.85242075416985	-4.03547046720097	-0.750965897185062	0.595493193642725	-3.75227641946055	-3.83502578119337	0.370770006931394	6.66958092647771
A2B235	-2.6471247113527	1.45647522465117	-2.57472768666884	-2.64042516719642	-2.66362683874212	1.53787029751005	-2.56299652198246	-2.65211820705258	-2.70307077126581	-2.6252951088778	0.675249709423488	-2.50291282512589	0.464761055082842	-2.83981718739962	-2.68180664141933	1.77883696008915	0.887555857652926	1.44975519655927	-2.63612004388468	0.596846493917075
A3B224	-4.07015424784572	-0.884813953290367	-3.98721793333663	-4.0609850318633	-4.08693954846353	-0.804693308878198	-3.97400185318724	-4.07407162402638	-1.08197033299873	-0.745460572817546	-0.743436936556838	-3.90609545197114	-0.0456937463460795	-4.28250149242509	-4.10891080760445	-0.203248476192608	-3.99609337732711	-0.891428281469917	-4.05616363982669	-4.06287173519995
A3B225	-2.6471247113527	-2.65710621199168	0.929551265521114	1.52481102272593	0.503172589920037	0.614226932293338	-2.56433377918567	7.58714202961261	-2.70307077126581	0.67193914422143	-2.62621080189381	-2.50424921518062	2.64920831655502	-2.84115786358222	-2.68180664141933	1.77749775785691	-2.58395020284427	-2.65862224143019	-2.63745829154127	-2.6434485895215
A3B226	-4.46507791203442	-4.47253980609739	-0.874577551849561	4.30456075191092	-4.48145741196128	-4.4522530493821	-4.36676525576176	5.46762810948509	-4.52846727951265	1.0602566782182	-1.13729734403954	-4.2977347693864	-4.49440174947439	-4.6797464492296	-4.50441252989518	-4.53585531615443	-4.3892110292224	-4.47426050375612	-4.45021714673651	-4.4570273147612
A3B227	-1.86092265641858	-1.86891203538294	-1.79924343594024	1.38907316550013	-1.87569735501316	1.3999621619579	-1.78920426348756	5.93534111007077	-1.90929632996789	-1.84265099962853	-1.84228751310185	-1.73797305047795	-1.88323765428008	-2.02910056712229	-1.89088045545744	-1.91730381732503	-1.80599776779149	-1.87022051642019	-1.85197105368973	1.38182407334107
A3B228	1.35948350452523	-1.86753153944873	-1.79786408944419	-1.85430009192529	-1.8743167521945	-1.85213325708802	-1.78782509080898	6.03936887185387	-1.90929632996789	1.45730143277324	1.45921496653812	-1.73659479930471	2.17011427407594	-2.02771776080329	2.1343343334461	2.02138110189873	-1.80461830555152	-1.86883999980705	-1.85059082842844	-1.85575237597967
A3B229	0	0	3.50561637295393	0	0.00000000000000128137060152597	3.25347566917962	0	4.6820210734691	-0.00000000000000128137060152597	3.29857235841398	6.61985170090745	0	0	0	3.1112065438889	0.00000000000000256274120305193	0	0.00000000000000128137060152597	0	3.23895675763403
A3B230	-1.86147904298103	-1.86809288868343	-1.79842496368989	-1.85486135399237	-1.87487814559831	-1.85269450474812	-1.78838589322814	-1.86494377389143	-1.9098530181866	-1.84183210051065	-1.84146861746595	-1.73715522093524	-1.88379418214904	-2.02828006480884	-1.8914370308682	1.11204670001178	-1.8051792276262	1.31901909980932	-1.85115206581029	-1.85631364768185
A3B231	-2.64820330000746	-2.65551758109528	-2.57447774543027	-2.6401750730176	-2.66337669277545	-2.63766037732815	-2.562746609072	-2.65186808663321	0.346499368806536	0.673527309330358	4.53120607712631	-2.50266306241156	-2.67404824584231	-2.83956668245021	-2.68288558495676	-2.71144130238075	-2.58236271306524	-2.65703358770658	-2.63586995943991	2.07641022563667
A3B232	-3.82435966688345	-3.83262291854301	3.54601343960483	-3.81565633493717	-3.84130658799552	-0.559397950878726	-3.72973320342553	1.56774035177459	-0.835456327256291	-3.79890590319779	0.426526994076334	-3.6626993648972	0.200437411294419	-4.0347419948497	-0.751459697491443	-3.89430757032676	-3.75154949307436	-0.645877909875388	-3.81089206201835	1.30201999962286
A3B233	0.572742241296477	-2.65631170959087	-2.57527124010078	-2.64096908520126	-2.66417088020721	-2.63845437028768	-2.563540007892	0.552635033303804	-2.70361026280532	-2.62583894491389	0.674705875692599	-2.50345595305676	-2.67350873262225	-2.84036208480994	-2.68234602703717	1.22506783845019	-2.58315627156143	-2.65782772760457	-2.63666393868452	-2.64265419077912
A3B234	2.05063663551164	1.45726909780709	0.931681926476889	1.52694308359335	0.50530512484984	2.81188402923337	0.998688581970972	2.43161504102924	2.52248352097329	-2.62450146807095	2.15989994076095	-2.50212018814063	3.31315417800672	-2.83902204211534	1.34286876186637	3.15398889447045	-2.58181936923605	3.38635118275119	-2.63532631977684	2.07695389749982
A3B235	0.0668257879882525	0.0310953677015392	5.25479262640642	1.02053461561519	-0.00240295142364455	-3.1433830080393	-3.06411133327086	1.52363051656973	2.01348707629713	-3.13005047588663	3.20399724430605	-3.00035511133588	-0.0431332316960591	-3.35591238405971	-0.0789800960488334	0.716075217513997	-3.08489179818177	0.943194116241469	-3.14149120481815	-3.14782009531287
A5B224	-0.602966320289712	-0.638289634972015	-3.74179111920574	-3.81466272005725	-3.84031276747798	-0.558404358556904	-3.72874030831736	-0.622297897504835	-0.834468667057398	-3.79791242485112	0.986534492163364	0.243038899834893	0.201424819247233	-4.03374674888475	-3.86167875863784	-0.864782403529576	-3.75055641058208	-3.83330460253026	-3.80989848579003	0.343927123195383
A5B225	0.987801874896379	-3.16301486697808	3.48065884827395	-3.14681047107122	-3.17131174099481	1.03162718050811	-3.06488134833401	4.21124558533833	1.30251505235934	1.09251103190588	4.27178349325986	-3.00112464763967	0.873011440817232	-3.35668428651463	-0.0784568631664971	2.23607736541625	-3.08566196367464	-3.16461551315662	-3.14226176668647	2.95004979968303
A5B226	-3.15358037295556	-3.16224416450749	0.42907555874461	1.02053461561519	-0.00240295142364455	0.11009266114032	-3.06411133327086	2.49525262950005	-3.21260670748148	1.65226588480464	4.82923727903501	-3.00035511133588	0.872488249932659	-3.35591238405971	2.57766268712211	1.26930005026564	-3.08489179818177	-3.16384479994442	-3.14149120481815	3.11840435650104
A5B227	0.987278808842599	-3.1609467316356	1.92806616536669	3.12787976911583	-3.1692434558037	0.111389877083965	1.43562063583536	4.06227899728659	-0.161957411887132	-3.12875341540135	0.171815526094894	-2.99905965972761	-0.0431332316960591	-3.35461291241915	-0.0789800960488334	-3.21993037265396	-3.08359527761629	-3.16254734882282	-3.14019401082561	3.64443752048976
A5B228	0	0	0	3.24475354242268	0.00000000000000128137060152597	0	0	3.20529722091705	3.9608541165857	0	3.30012241158639	0	4.6090547643143	0	-0.00000000000000128137060152597	4.49052851221614	0	0.00000000000000128137060152597	0	0
A5B229	0.573281449591112	-2.65710621199168	1.86459989182697	0.602990071360955	-2.66496544165998	-2.63924873688628	-2.56433377918567	0.551840558472575	-2.70307077126581	-2.62663321419255	-2.62621080189381	-2.50424921518062	0.464761055082842	-2.84115786358222	-2.68180664141933	0.315500179834708	-2.58395020284427	-2.65862224143019	-2.63745829154127	-2.6434485895215
A5B230	-2.64820330000746	0.537821951113741	-2.57447774543027	-2.6401750730176	-2.66337669277545	-2.63766037732815	-2.562746609072	-2.65186808663321	-2.70414992678781	0.673527309330358	-2.62462264333575	-2.50266306241156	-2.67404824584231	-2.83956668245021	1.89744978146586	1.77908720983539	-2.58236271306524	-2.65703358770658	-2.63586995943991	0.597096591895237
A5B231	-3.82485343630445	-3.83311997196584	-0.237664434790133	-3.81615332001039	-3.84180367605115	-0.559894924654958	-3.73022982804094	-3.82908587475065	-0.835950334328696	-3.79940281989582	0.426030079301254	-3.66319569084546	-0.715677951083251	-4.03523979676557	-3.86316015958355	-3.89480486475337	-3.75204621153062	-0.646374969998661	-3.81138902773503	-3.81801773039189
A5B232	0.0673488540420321	0.949228067318899	0.428305453381203	-3.14681047107122	-3.17131174099481	-3.14415358282787	-3.06488134833401	-3.15916123344899	-3.21208337494789	-3.13082095917358	0.169747990642605	0.903621318372469	0.873011440817232	-3.35668428651463	0.835551381848141	-0.193468616590758	-3.08566196367464	0.94242340302927	-3.14226176668647	-3.14859070032333
A5B233	2.05063663551164	0.537027822618158	-2.57527124010078	0.603784457221419	0.503967151372807	-2.63845437028768	-2.563540007892	-2.65266218761324	-2.70361026280532	-2.62583894491389	1.59954844591085	-2.50345595305676	-2.67350873262225	-2.84036208480994	0.428860516851732	1.77829267120183	-2.58315627156143	-2.65782772760457	-2.63666393868452	-2.64265419077912
A5B234	3.2378990363716	-1.86809288868343	-1.79842496368989	2.31171313979528	-1.87487814559831	1.4007811644315	-1.78838589322814	-1.86494377389143	3.97978555042639	-1.84183210051065	-1.84146861746595	-1.73715522093524	2.16955774620698	-2.02828006480884	2.13377775803534	3.75928899323981	-1.8051792276262	3.19515792426227	1.40858645392274	3.26322708970451
A5B235	0.612505075887784	1.53306066100088	2.5320277894603	-3.52018528107468	-3.54539236292752	-0.263975442430138	-3.43580435350643	-0.327596154199839	1.32471809902498	-3.50372846091879	0.721696186275696	-3.37003787014085	1.05263611451273	-3.73572395560345	-0.454798559477613	1.60408969439972	-3.45722048746384	2.09657486901055	-3.51550417864981	-3.52201721018426
A6B224	0.0668257879882525	-3.1609467316356	1.92806616536669	1.02183186232754	-3.1692434558037	0.111389877083965	-3.06281506827839	-3.15709316806656	0.748247409104226	0.169818943012636	-3.1283068854915	-2.99905965972761	0.872488249932659	-3.35461291241915	-0.0789800960488334	-0.191399438460025	-3.08359527761629	0.0258731085736374	-3.14019401082561	2.54408061473082
A6B225	-3.52733796898947	-0.343754988557256	0.0567646966445164	-0.275668369482741	0.539941646365939	-3.51768773734732	-3.43604082182056	-0.32783280855564	-3.58803506125496	-3.5039650609228	-0.203382983079614	0.534471762224889	1.05365248715586	-0.990563866252105	1.01534671500435	0.89278994734516	-3.45745699808851	-3.53874112338742	-3.51574080075377	-0.283297086787161
A6B226	-3.52784597071029	-3.53634600270943	-3.44810372143239	-3.51967349719268	-3.54488046976515	-3.51693933971554	0.125599007366942	1.14963953760563	-3.58854331443183	-3.50321674959274	-0.202634674657019	-3.36952678565968	-3.55591039667316	-3.73521130488546	-3.56549681056292	-3.596989682417	-3.4567089864974	-3.53799259519953	-3.51499241530796	-0.282548660651073
A6B227	-0.603953505939643	-0.638059477985242	-3.74156112062961	-3.81443259213735	-3.84008259576327	0.364130858715035	-3.72851033370013	-3.82736496831126	-3.88610562285063	-3.79768232600969	0.986764590187006	-3.66147721859795	-3.8529145170616	-4.03351627363415	0.717669125042273	0.597445433964887	-3.75032639605246	-0.644653985297587	-3.80966836610197	-0.577340219030325
A6B228	4.14085918179816	4.11224293429698	0	0	0.00000000000000128137060152597	0	0	0	-0.00000000000000128137060152597	0	3.30012241158639	0	3.1377304467273	0	4.02521478890354	3.02853093419394	0	0.00000000000000128137060152597	0	0
A6B229	1.35948350452523	2.24333089891404	4.75872633190644	-1.85568037692255	-1.87569735501316	-1.85351350722172	-1.78920426348756	-1.86576289131112	-1.90929632996789	1.45592135878545	1.45783489848454	-1.73797305047795	-1.88323765428008	-2.02910056712229	-1.89088045545744	1.11122711686891	1.66417076302834	-1.87022051642019	-1.85197105368973	6.47271856683736
A6B230	-2.6471247113527	-2.65710621199168	-2.57606510743282	-2.64176347106172	-2.66496544165998	-2.63924873688628	-2.56433377918567	-2.65345666244447	-2.70307077126581	-2.62663321419255	-2.62621080189381	-2.50424921518062	-2.67296939164446	-2.84115786358222	-2.68180664141933	-2.71303075435923	-2.58395020284427	0.529798215966263	-2.63745829154127	0.595508168112527
A6B231	-1.86092265641858	-1.86891203538294	-1.79924343594024	-1.85568037692255	-1.87569735501316	-1.85351350722172	-1.78920426348756	-1.86576289131112	-1.90929632996789	-1.84265099962853	1.45783489848454	-1.73797305047795	-1.88323765428008	-2.02910056712229	-1.89088045545744	2.01999986213946	-1.80599776779149	-1.87022051642019	-1.85197105368973	-1.85713268429296
A6B232	2.27993652537957	1.32442749682609	1.70637293701369	-1.85568037692255	-1.87569735501316	-1.85351350722172	-1.78920426348756	-1.86576289131112	-1.90929632996789	-1.84265099962853	-1.84228751310185	-1.73797305047795	3.12599919199933	-2.02910056712229	2.1343343334461	-1.91730381732503	-1.80599776779149	3.19433876542922	-1.85197105368973	2.30332154669968
A6B233	-3.82386601520195	-0.64001079069459	-3.74351099965892	-3.81638364176886	-3.84203404177386	-3.81360091077015	-3.73045999590438	-3.82931621878568	0.0752423828166144	-3.79963311246338	0.42579978755465	-3.66342573118093	-3.85242075416985	-4.03547046720097	-0.750965897185062	-0.866504384379474	-3.75227641946055	0.272013134992522	-3.81161934122983	-3.81824805537578
A6B234	0.066302570510815	-3.16147379135797	0.429845335869381	0.0994839280267058	-3.16977055443435	-3.14261276234017	-3.06334164628284	-3.1576202096238	2.26955955237689	-3.12928032152317	0.171288622133327	0.905160063770998	0.871964907470624	-3.35514081310778	1.38962534197332	1.2700708090772	-3.08412196103643	0.0253460413236613	-3.14072097201583	0.0919069381873642
A6B235	-0.849748086901909	-4.08053558146465	-0.483981945004279	-4.06336681380389	-0.92118377196404	-0.807075038915684	-3.9763819789862	-4.07645364570466	-0.171765512007369	-4.04641439902633	-0.74581839551674	-3.90847420545462	-0.0456937463460795	-4.28488702702867	-0.997704263715546	-0.205631679395	-3.99847393429199	-4.08223086561592	-4.05854533283516	-4.06525355185208
A7B224	0.317486700564635	-3.83407798394986	0.696426870884258	-3.8171112051337	-0.674623720735134	-0.560852788810287	-3.73118704411301	-3.83004385672396	1.02865183774826	-3.80036057810961	-3.79989265714804	-3.6641523525299	1.94533727766224	-4.03619919791139	2.09550214212424	0.993668132209086	-3.75300360178553	-3.83575345181549	-3.81234687693127	-0.580018871904039
A7B225	2.05063663551164	2.01415373250681	1.86673055278274	-2.6396314101943	-2.66283290673017	-2.6371167280218	-2.56220337751115	-2.65132436137479	1.25724385378038	-2.62450146807095	-2.62407906462383	-2.50212018814063	1.37984319573376	-0.0936249536998808	3.27483487372491	1.22640641007333	-2.58181936923605	2.40806944676561	0.624412199956197	-2.64131649387564
A7B226	0.0668257879882525	-3.16354252914594	-3.07783816128509	-3.1473380560822	-3.17183944225867	-3.1446811550863	-3.06540852646274	0.0456083435529493	-0.161957411887132	-3.13134846700017	-3.1309019265997	-3.00165148866408	-3.18086367842336	-3.35721279371406	-3.19018663993774	-0.193996550828308	-3.08618924772656	-3.1651431828884	-3.14278932984695	0.0898384637710876
A7B227	-1.86092265641858	-1.86891203538294	-1.79924343594024	-1.85568037692255	-1.87569735501316	-1.85351350722172	-1.78920426348756	-1.86576289131112	-1.90929632996789	-1.84265099962853	2.38267746870279	-1.73797305047795	-1.88323765428008	-2.02910056712229	1.22032608843146	1.11122711686891	-1.80599776779149	-1.87022051642019	-1.85197105368973	-1.85713268429296
A7B228	0.066302570510815	0.950769142939004	-3.07577103708455	-3.14526961439597	-3.16977055443435	0.110862906839453	-3.06334164628284	0.047677011293249	-0.16248089617282	-3.12928032152317	-3.12883378945307	-2.99958590224114	-3.18138702088539	-3.35514081310778	-3.1907100244493	-3.22045770313894	-3.08412196103643	-3.1630744160728	0.11901754771721	-3.14704981944666
A7B229	-3.15358037295556	0.0310953677015392	-3.07654081420932	0.098713664250222	-3.17054098300366	1.03239775529667	-3.06411133327086	0.0469066640176748	-3.21260670748148	-3.13005047588663	0.170518470846915	-3.00035511133588	0.872488249932659	-3.35591238405971	-0.0789800960488334	-0.192697527756559	-3.08489179818177	1.4999762895397	0.118247314914887	0.0911366623211565
A7B230	0.572202860936348	-2.65551758109528	1.86618725382952	-2.6401750730176	-2.66337669277545	-2.63766037732815	-2.562746609072	-2.65186808663321	-2.70414992678781	-2.62504504908363	0.675499768250644	-2.50266306241156	-2.67404824584231	-0.0941695940347495	1.34232920394678	1.77908720983539	-2.58236271306524	-2.65703358770658	-2.63586995943991	-2.64186016573879
A7B231	2.05063663551164	-2.65631170959087	-2.57527124010078	-2.64096908520126	-2.66417088020721	-2.63845437028768	-2.563540007892	-2.65266218761324	-2.70361026280532	-2.62583894491389	-2.6254165358938	-2.50345595305676	-2.67350873262225	-2.84036208480994	-2.68234602703717	-2.7122358410143	-2.58315627156143	-2.65782772760457	-2.63666393868452	-2.64265419077912
A7B232	2.05063663551164	0.537027822618158	1.865393759159	-2.64096908520126	-2.66417088020721	-2.63845437028768	-2.563540007892	-2.65266218761324	1.81098816450191	-2.62583894491389	2.15856246949099	-2.50345595305676	1.37984319573376	-2.84036208480994	-2.68234602703717	1.22506783845019	-2.58315627156143	0.530592729791888	-2.63666393868452	0.596302566854911
A7B233	1.54419696472598	0.950769142939004	-3.07577103708455	-3.14526961439597	-3.16977055443435	1.0331680009958	-3.06334164628284	-3.1576202096238	-3.21313019176716	0.169292036890816	0.171288622133327	-2.99958590224114	-0.0436565741580942	-3.35514081310778	-0.0795034805604005	-3.22045770313894	-3.08412196103643	0.943964500113096	-3.14072097201583	-3.14704981944666
A7B234	-3.154103590433	0.0318657408510521	0.429845335869381	-3.14526961439597	-0.00163252285433545	1.0331680009958	-3.06334164628284	0.047677011293249	2.01296359201145	-3.12928032152317	1.09613119235158	-2.99958590224114	-0.0436565741580942	-3.35514081310778	0.834504764454238	1.668973753114	-3.08412196103643	-3.1630744160728	-3.14072097201583	1.01340441154597
A7B235	1.35892711796278	2.24415004561355	2.64224003556989	-1.85486135399237	-1.87487814559831	-1.85269450474812	-1.78838589322814	-1.86494377389143	-1.9098530181866	-1.84183210051065	2.3834963643387	2.16759074507691	2.72526058216526	-2.02828006480884	-1.8914370308682	2.02081944528234	-1.8051792276262	2.23763755859875	-1.85115206581029	1.38264310995218
A8B224	-2.6471247113527	1.45513672230529	-2.57606510743282	-2.64176347106172	1.42060524489258	0.614226932293338	-2.56433377918567	0.551840558472575	1.81152765604142	0.67193914422143	3.13134445271521	-2.50424921518062	1.38038253671156	-2.84115786358222	2.61116821887734	-2.71303075435923	-2.58395020284427	2.00519884805393	-2.63745829154127	-2.6434485895215
A8B225	1.02874363249239	0.0312237362901804	1.01322898002095	-4.06385036550639	-4.08980545294036	0.114746514255069	-3.97686518873463	-4.07693724690804	0.381498374981422	-4.04689788586448	0.178540689687579	-0.00421116584688585	1.47966339173518	-0.651767514538785	-0.998184603416124	-1.11488826983199	-3.99895723306514	0.581106600969713	-4.05902886617506	0.0947171202708506
A8B226	-1.86092265641858	-1.86753153944873	-1.79786408944419	-1.85430009192529	-1.8743167521945	-1.85213325708802	-1.78782509080898	1.34091477563922	3.31679745381072	1.45730143277324	1.45921496653812	-1.73659479930471	-1.88323765428008	-2.02771776080329	1.22032608843146	-1.91592257756576	-1.80461830555152	-1.86883999980705	-1.85059082842844	-1.85575237597967
A8B227	0.572202860936348	0.537821951113741	-2.57447774543027	-2.6401750730176	-2.66337669277545	0.615815291851469	-2.562746609072	-2.65186808663321	2.2096198736122	-2.62504504908363	0.675499768250644	-2.50266306241156	-2.67404824584231	-2.83956668245021	0.428320958932141	-2.71144130238075	-2.58236271306524	0.531386869689879	-2.63586995943991	0.597096591895237
A8B228	1.35948350452523	2.24333089891404	1.70637293701369	-1.85568037692255	-1.87569735501316	1.3999621619579	-1.78920426348756	-1.86576289131112	2.05155778661781	-1.84265099962853	-1.84228751310185	-1.73797305047795	2.17011427407594	0.716296521293167	2.1343343334461	2.5732246948911	-1.80599776779149	1.31819994097627	-1.85197105368973	1.38182407334107
A8B229	-0.306423939761902	0.576920240396548	-3.44708120176309	-3.51865033319379	-3.54385708758028	-3.51591619965111	-3.43427055178774	-0.326061040394551	-3.5875269418019	-3.50219373045705	-3.50173407118175	-3.36850501806891	-3.55489429121506	-3.73418641019306	1.72849423440653	-0.567434928797889	-3.45568638736038	-0.34854881479798	-3.51396929231895	-3.52048223827938
A8B230	0.986755591365162	-3.16277160193996	-3.07706783193654	-3.14656723858583	-3.17106845946229	-3.1439103557229	-3.06463828752777	-3.15891797611169	-3.21313019176716	-3.1305777592534	-3.13013122193945	-3.00088172908872	-0.0436565741580942	-3.35644066501133	-3.1907100244493	-3.22175617096638	-3.08541885817306	1.49944884455682	-3.14201854342004	-3.14834746423965
A8B231	-1.05919616013983	0.379484171799667	2.00186122670421	-4.27232755858463	-4.29850420375942	-1.01601149144615	-4.18456985096594	1.36811653184003	-4.34259170383844	-0.956655825521947	4.89347042021876	-0.211279196261726	-1.17100850716003	-4.49561635692661	-4.31868668602555	-1.32403214857794	-4.20686257197921	-1.10293265056553	-1.00772593771764	2.14212142130814
A8B232	1.35948350452523	-1.86753153944873	1.70775228350975	-1.85430009192529	1.29382127938551	-1.85213325708802	-1.78782509080898	1.34091477563922	3.00447347043212	-1.84127092564074	2.94307156033651	3.11916755658924	-1.88323765428008	-2.02771776080329	2.1343343334461	1.11260835662817	-1.80461830555152	1.31958045758941	-1.85059082842844	-1.85575237597967
A8B233	0.987278808842599	-3.16224416450749	-3.07654081420932	1.02053461561519	-3.17054098300366	-3.1433830080393	0.496780626211256	0.966498459326221	-3.21260670748148	-3.13005047588663	-3.12960394073948	-3.00035511133588	-0.0431332316960591	-3.35591238405971	-3.19018663993774	1.66820299430245	0.385276732638054	-3.16384479994442	-3.14149120481815	0.0911366623211565
A8B234	0.613013211087871	-3.53634600270943	-3.44810372143239	-3.51967349719268	-0.376742438185133	-0.263463670535917	0.125599007366942	0.592507480362128	-3.58854331443183	-3.50321674959274	-3.50275708624341	0.535219180352457	0.497441531682862	-0.989814216470003	-0.45429026667402	-0.568458748223066	0.0134595443224218	-0.349572137803072	-3.51499241530796	-0.282548660651073
A8B235	0.572202860936348	-2.65551758109528	0.931138627523666	-2.6401750730176	-2.66337669277545	0.615815291851469	-2.562746609072	-2.65186808663321	0.346499368806536	0.673527309330358	-2.62462264333575	-2.50266306241156	1.37930368251371	-2.83956668245021	0.428320958932141	2.17799015387219	-2.58236271306524	2.00678750177754	-2.63586995943991	1.51859406525384
A9B224	-1.86092265641858	-1.86753153944873	-1.79786408944419	1.39045345049739	-1.8743167521945	1.4013424120916	-1.78782509080898	-1.86438244527783	-1.90929632996789	-1.84127092564074	1.45921496653812	2.16815116670743	2.17011427407594	-2.02771776080329	2.1343343334461	1.11260835662817	-1.80461830555152	-1.86883999980705	-1.85059082842844	1.38320438165436
A9B225	3.22040616094381	0	0	0	0.00000000000000128137060152597	4.17578076333597	3.56089195948212	0	5.22609378377861	0	0	0	5.32217770819947	0	3.1112065438889	5.45807691620095	0	4.10703891618589	0	0
A9B226	1.35892711796278	-1.86809288868343	-1.79842496368989	-1.85486135399237	-1.87487814559831	-1.85269450474812	-1.78838589322814	1.34035344702562	-1.9098530181866	-1.84183210051065	-1.84146861746595	-1.73715522093524	-1.88379418214904	-2.02828006480884	1.21976951302071	1.11204670001178	-1.8051792276262	-1.86940135758714	-1.85115206581029	-1.85631364768185
A9B227	-3.15305730690178	-3.1643137860127	-3.0786088192087	-3.14810920303995	-0.00447272323686826	-3.14545228387813	-3.06617909380876	0.0448371126869421	1.70168642545211	-3.13211950400891	1.09329202128832	0.902324390230319	-0.0426100408114861	-3.35798525426609	-0.0784568631664971	-0.194768195248637	-3.08695996596435	0.941124465656061	-3.14356044567878	-3.14988945296964
A9B228	0.0668257879882525	-3.16354252914594	0.427778211668839	-3.1473380560822	-3.17183944225867	1.99062458249016	0.495483433019382	-3.1596888773641	-3.21260670748147	-3.13134846700017	-3.1309019265997	-3.00165148866408	-0.0431332316960578	-3.35721279371406	0.835028148965805	0.714776194442248	-3.08618924772656	0.0232772745080533	-3.14278932984695	-3.14911829386294
A9B229	4.14085918179816	4.11224293429698	3.50561637295393	0	3.16813803158002	3.25347566917962	0	0	-0.00000000000000128137060152597	0	0	0	4.6090547643143	0	-0.00000000000000128137060152597	3.02853093419394	0	0.00000000000000128137060152597	0	4.16045423099263
A9B230	1.49373447044546	-2.65576770964581	-2.57472768666884	0.60432837522626	-2.66362683874212	-2.63791046582592	-2.56299652198246	-2.65211820705258	-2.70307077126581	-2.6252951088778	0.675249709423488	-2.50291282512589	0.464761055082842	-2.83981718739962	-2.68180664141933	0.316839382066948	-2.5826126731669	-2.65728371962662	-2.63612004388468	0.596846493917075
A9B231	-1.86092265641858	-1.86753153944873	-1.79786408944419	-1.85430009192529	-1.8743167521945	-1.85213325708802	-1.78782509080898	-1.86438244527783	-1.90929632996789	-1.84127092564074	-1.84090744504827	-1.73659479930471	-1.88323765428008	-2.02771776080329	-1.89088045545744	-1.91592257756576	-1.80461830555152	-1.86883999980705	-1.85059082842844	-1.85575237597967
A9B232	-2.6471247113527	-2.65443026625559	-2.57339132129905	1.52748657215499	0.505848736468542	0.616902416220609	-2.56166031963551	1.47410820576401	0.347578524328535	-2.62395806121049	-2.62353566006106	-2.50157748707824	2.33626745463495	-2.83847757735303	0.429399902469571	0.318177523034996	-2.58127619924202	0.532474200553603	-2.63478285434444	-2.64077299628624
A9B233	-4.07063444686023	-0.887679665797772	-3.99008158114681	-4.06385036550639	-4.08980545294036	-4.0610342490809	-3.97686518873463	-4.07693724690804	-1.08245075673147	-4.04689788586448	-0.746301880530674	-3.90895713185903	-0.046174050630741	-4.2853713535998	-0.998184603416124	0.347109308190206	-3.99895723306514	-4.08271448851441	-4.05902886617506	-4.06573711072178
A9B234	0.0673488540420321	0.0303246652309467	1.36335407968705	0.0979430713514556	-3.17131174099481	-3.14415358282787	-3.06488134833401	-3.15916123344899	-0.161434079353548	-3.13082095917358	0.169747990642605	-3.00112464763967	-0.0426100408114861	-3.35668428651463	-0.0784568631664971	2.23607736541625	-3.08566196367464	0.0238049442398358	-3.14226176668647	1.97095003706303
A9B235	0.0702247349379229	-4.07863658539616	-0.482084308624099	-4.06146806723227	-4.0874226810564	1.07665373481503	-3.97448454824502	-4.07455470865817	-4.13310005232581	-4.04451590204802	-4.04404231714428	-3.90657786504386	-0.046174050630741	-4.28298529892861	-0.0841763584014857	-1.11250454888373	-0.526407630162369	0.0267070710969823	-4.05664665692136	-4.06335477770167
A1B236	2.05117584380628	-2.65576770964581	-2.57472768666884	-2.64042516719642	-2.66362683874212	1.53787029751005	-2.56299652198246	-2.65211820705258	-2.70307077126581	-2.6252951088778	0.675249709423488	-2.50291282512589	0.464761055082842	-0.0944200989841637	1.34340814748421	0.316839382066948	-2.5826126731669	2.40727556222278	-2.63612004388468	-2.64211026371695
A1B237	1.35948350452523	-1.86891203538294	1.70637293701369	1.38907316550013	2.20987333153939	-1.85351350722172	-1.78920426348756	-1.86576289131112	1.14135296562645	-1.84265099962853	-1.84228751310185	-1.73797305047795	-1.88323765428008	-2.02910056712229	-1.89088045545744	2.01999986213946	-1.80599776779149	1.31819994097627	-1.85197105368973	1.38182407334107
A1B238	-0.307439809766475	-0.343006470500405	-3.44810372143239	-3.51967349719268	-3.54488046976515	-0.263463670535917	-3.43529295211518	-3.53238153586347	-0.537894018837485	-3.50321674959274	-3.50275708624341	-3.36952678565968	-0.418179949945856	-3.73521130488546	-3.56549681056292	0.893538829799132	-3.4567089864974	-3.53799259519953	-3.51499241530796	-3.5215054182851
A1B239	-3.15358037295556	-3.16354252914594	-3.07783816128509	-3.1473380560822	-3.17183944225867	-3.1446811550863	-3.06540852646274	-3.1596888773641	-3.21260670748147	-3.13134846700017	-3.1309019265997	-3.00165148866408	-3.18086367842336	-0.611815705298595	-0.0789800960488334	-0.193996550828308	-3.08618924772656	0.0232772745080533	-3.14278932984695	-3.14911829386294
A1B240	-3.52683010070571	-3.53784332953849	-3.44959992095384	-0.276417074736747	-0.378239869831658	-3.5184364254916	0.124102978331972	-3.53387881375607	-3.5875269418019	-3.50471366262004	0.720710988353769	-3.37102191078049	0.49845763714096	-3.73671089707561	0.460734163013397	0.338815940809838	-3.45820529954239	0.567548973878154	-3.51648947669156	-3.52300256111778
A1B241	0.61199680716623	-3.53610943382559	-3.44786732018861	-3.51943695906976	-0.376505853714889	-3.51670280667691	-3.43505657622558	-0.326847753339495	-0.538910926532701	-3.50298024224277	-0.2023981681725	-3.36929054420349	-0.419196589858717	-3.73497439917303	0.458701259032106	-0.5682220708788	0.0136959624488488	-3.53775602330016	-3.5147558858966	-3.52126887676194
A1B242	-0.322397473793424	-4.47409606376663	-4.38174913931894	-4.45666801765645	-0.397443080061985	-0.278028320671608	-0.807428353020391	-4.46995276713319	-4.52664521465352	-4.43945649986297	-4.43897562501869	-4.29928898954425	-1.3548496675936	-4.68130480262637	-4.50259076733441	-1.50888131449548	0.0127972799600387	-4.47581678018908	-4.45177315879147	-1.21962664454725
A1B243	-3.154103590433	0.0318657408510521	-3.07577103708455	-3.14526961439597	-3.16977055443435	-3.14261276234017	0.497550313199279	-3.1576202096238	-0.16248089617282	-3.12928032152317	-3.12883378945307	-2.99958590224114	-0.0436565741580942	-0.60974372469232	-3.1907100244493	0.716845976325555	0.386046569783387	0.0253460413236613	-3.14072097201583	-3.14704981944666
A1B244	0.0673488540420321	0.0329197072469123	-3.07471790704966	0.100537740944457	-3.16871651027005	1.03422178854655	3.8423872342415	-3.15656627953574	-3.21208337494789	-3.12822666213857	0.172342277200085	4.90004492167807	-3.18034048753879	0.279518673239712	1.39067195936722	-3.21940319555286	-3.08306874678021	0.945018481554858	-3.13966720256249	0.0929607680700138
A1B245	0.987801874896379	0.0303246652309467	0.428305453381203	-3.14681047107122	-3.17131174099481	1.58973289156595	0.496010611148105	-3.15916123344899	0.748770741637809	-3.13082095917358	1.09459056086086	9.10346797933725	-3.18034048753879	-3.35668428651463	2.36019969924073	2.23607736541625	-3.08566196367464	3.57022420794707	-3.14226176668647	0.0903660573106945
A1B246	-1.05966342763026	-0.177870750051452	-0.692760249471754	-4.27279778449422	-1.13083649036177	-4.26995737641308	-0.624147794405636	-4.2859969272232	0.171539243353547	-4.25569834857988	-0.0302556425177307	-4.11649479755682	-1.1714758742561	-4.49608731467663	-1.20794754274265	0.13749492635844	-4.20733255898935	-1.10340294372054	-4.26793466601649	-1.03574402029805
A1B247	-2.64820330000746	-2.65551758109528	-2.57447774543027	-2.6401750730176	-2.66337669277545	2.49764536024831	0.998145350410116	-2.65186808663321	2.2096198736122	-2.62504504908363	0.675499768250644	-2.50266306241156	0.463682200884991	-0.0941695940347495	1.89744978146586	0.317089631813188	-2.58236271306524	1.45000532847931	-2.63586995943991	-2.64186016573879
A2B236	-1.86092265641858	-1.86891203538294	-1.79924343594024	-1.85568037692255	-1.87569735501316	2.32226725611425	1.77168769599456	1.33953432960593	1.14135296562645	-1.84265099962853	-1.84228751310185	-1.73797305047795	2.17011427407594	-2.02910056712229	-1.89088045545744	2.01999986213946	-1.80599776779149	1.31819994097627	-1.85197105368973	-1.85713268429296
A2B237	-3.154103590433	-3.16277160193996	-3.07706783193654	-3.14656723858583	-3.17106845946229	-3.1439103557229	-3.06463828752777	-3.15891797611169	-3.21313019176716	-3.1305777592534	-3.13013122193945	-3.00088172908872	-3.18138702088539	-3.35644066501133	-0.0795034805604005	-3.22175617096638	-3.08541885817306	-3.16437224492731	-3.14201854342004	-3.14834746423965
A2B238	0.573281449591112	-2.65576770964581	-2.57472768666884	-2.64042516719642	-2.66362683874212	-2.63791046582592	-2.56299652198246	-2.65211820705258	-2.70307077126581	-2.6252951088778	-2.62487270216291	-2.50291282512589	-2.67296939164446	-2.83981718739962	-2.68180664141933	0.316839382066948	-2.5826126731669	-2.65728371962662	-2.63612004388468	-2.64211026371695
A2B239	-3.15358037295556	-3.16224416450749	-3.07654081420932	-3.14603987817245	-3.17054098300366	-3.1433830080393	-3.06411133327086	-3.15839055689937	-3.21260670748148	-3.13005047588663	-3.12960394073948	-3.00035511133588	-3.18086367842336	-3.35591238405971	-0.0789800960488334	-3.2212284619505	-3.08489179818177	-3.16384479994442	-3.14149120481815	0.0911366623211565
A2B240	-3.82337248123352	-3.83407798394986	-0.238621755421593	-3.8171112051337	-3.84276175231515	-3.81432845798991	-3.73118704411301	-3.83004385672396	-3.88511796265174	-3.80036057810961	-3.79989265714804	-3.6641523525299	-0.714196662381485	-4.03619919791139	-0.75047221474894	-3.89576332404385	-3.75300360178553	-3.83575345181549	-3.81234687693127	-3.81897562953806
A2B241	0.612505075887784	-3.53559777523083	-3.44735605618716	-3.51892537288436	-0.375994158430007	-3.51619123245946	1.62741842910887	-3.53163333279137	-0.538402405780679	-3.50246872849329	-3.50200906804654	-3.3687796562636	0.496933278554449	-3.73446194758917	-3.56600510336652	-0.567710156960724	-3.45596126463331	-0.348823900210468	-3.51424432021736	-3.52075728257265
A2B242	3.22040616094381	0	0	0	0.00000000000000128137060152597	0	0	0	-0.00000000000000128137060152597	0	0	0	3.1377304467273	0	-0.00000000000000128137060152597	3.02853093419394	0	0.00000000000000128137060152597	0	0
A2B243	2.27993652537957	-1.86753153944873	-1.79786408944419	-1.85430009192529	1.29382127938551	-1.85213325708802	-1.78782509080898	-1.86438244527783	-1.90929632996789	1.45730143277324	-1.84090744504827	2.16815116670743	2.17011427407594	-2.02771776080329	-1.89088045545744	2.02138110189873	-1.80461830555152	1.31958045758941	-1.85059082842844	-1.85575237597967
A2B244	-3.52784597071029	-3.53634600270943	0.0575126515215396	-3.51967349719268	-3.54488046976515	-0.263463670535917	-3.43529295211518	-3.53238153586347	0.372310802153872	-0.204644391178756	-0.202634674657019	-3.36952678565968	3.73896473479123	-3.73521130488546	-0.45429026667402	-3.596989682417	-3.4567089864974	-3.53799259519953	-3.51499241530796	-3.5215054182851
A2B245	-3.154103590433	-3.16277160193996	0.428548541017388	-3.14656723858583	-3.17106845946229	0.109565313456719	-3.06463828752777	-3.15891797611169	1.30146823554007	-3.1305777592534	0.169991189646941	-3.00088172908872	-0.0436565741580942	-3.35644066501133	0.834504764454238	-3.22175617096638	-3.08541885817306	1.49944884455682	-3.14201854342004	-3.14834746423965
A2B246	-1.86092265641858	-1.86753153944873	-1.79786408944419	-1.85430009192529	-1.8743167521945	-1.85213325708802	-1.78782509080898	-1.86438244527783	-1.90929632996789	-1.84127092564074	1.45921496653812	-1.73659479930471	-1.88323765428008	-2.02771776080329	1.22032608843146	2.02138110189873	-1.80461830555152	-1.86883999980705	-1.85059082842844	-1.85575237597967
A2B247	1.35948350452523	-1.86891203538294	-1.79924343594024	1.38907316550013	-1.87569735501316	-1.85351350722172	1.77168769599456	-1.86576289131112	-1.90929632996789	1.45592135878545	-1.84228751310185	-1.73797305047795	-1.88323765428008	-2.02910056712229	2.1343343334461	1.11122711686891	-1.80599776779149	-1.87022051642019	-1.85197105368973	1.38182407334107
A3B236	-3.15305730690178	3.34003833634214	-3.07601394916878	-3.14551267086891	-3.17001365979832	1.03292494988617	-3.06358453162234	-3.15786329086957	1.30251505235934	-3.1295233455345	1.65490219283333	-2.99982864577673	-0.0426100408114861	-3.35538425735815	0.835551381848141	1.6687305497773	-3.08436489092931	0.0251029492205454	0.118774500433895	-3.14729287950645
A3B237	-1.86147904298103	-1.86809288868343	1.70719140926404	-1.85486135399237	-1.87487814559831	-1.85269450474812	-1.78838589322814	-1.86494377389143	-1.9098530181866	-1.84183210051065	-1.84146861746595	-1.73715522093524	-1.88379418214904	-2.02828006480884	-1.8914370308682	1.11204670001178	-1.8051792276262	-1.86940135758714	-1.85115206581029	-1.85631364768185
A3B238	1.35948350452523	3.771580349007	-1.79924343594024	-1.85568037692255	-1.87569735501316	-1.85351350722172	-1.78920426348756	-1.86576289131112	-1.90929632996789	-1.84265099962853	-1.84228751310185	-1.73797305047795	1.25449279244722	-2.02910056712229	-1.89088045545744	-1.91730381732503	-1.80599776779149	1.31819994097627	-1.85197105368973	-1.85713268429296
A3B239	0.573281449591112	1.45513672230529	-2.57606510743282	-2.64176347106172	-2.66496544165998	-2.63924873688628	-2.56433377918567	-2.65345666244447	-2.70307077126581	-2.62663321419255	-2.62621080189381	-2.50424921518062	2.64920831655502	-2.84115786358222	0.429399902469571	0.315500179834708	-2.58395020284427	0.529798215966263	-2.63745829154127	-2.6434485895215
A3B240	3.22040616094381	4.11224293429698	0	0	3.16813803158002	3.25347566917962	0	3.20529722091705	-0.00000000000000128137060152597	0	3.30012241158639	0	0	0	3.1112065438889	3.02853093419394	0	3.18842045739646	0	0
A3B241	-0.307439809766475	2.1054061331309	-3.44684492635783	-0.273660378816471	-3.54362062939009	-3.51567979276851	-3.43403430167566	-3.53112182592958	-0.537894018837485	-3.50195734920118	-3.50149769078925	-3.36826890206699	2.59814735711661	-3.73394963153711	-3.56549681056292	-0.567198377957845	-3.45545009511313	-0.348312369148338	-3.51373288905486	-3.5202458229327
A3B242	0.573281449591112	6.28172341106887	-2.57339132129905	-2.63908792163266	-2.66228929511147	-2.63657325295901	-2.56166031963551	0.554516410455462	0.347578524328535	-2.62395806121049	-2.62353566006106	-2.50157748707824	-2.67296939164446	-2.83847757735303	-2.68180664141933	-2.71035341115894	-2.58127619924202	-2.65594625684285	-2.63478285434444	-2.64077299628624
A3B243	0.316005745493705	-3.83189577078132	-3.74205750970579	-3.8149292845521	-3.84057939089327	-3.812146585768	-3.72900666659104	-3.82786171277113	-3.88659962992304	-3.79817895022654	-3.79771103749667	0.24277271241792	-0.715677951083251	-4.03401378076852	-0.751953615694646	-0.865049145022485	-3.75082282254124	-3.83357120996417	-0.550426519477344	-3.81679367661467
A3B244	0.0668257879882525	0.949998769789492	-3.07654081420932	-3.14603987817245	-3.17054098300366	-3.1433830080393	-3.06411133327086	0.0469066640176748	0.748247409104224	-3.13005047588663	-3.12960394073948	-3.00035511133588	-3.18086367842336	-3.35591238405971	-3.19018663993774	0.716075217513997	-3.08489179818177	0.0245756574520351	0.118247314914887	-3.14782009531287
A3B245	0.573281449591112	0.538909265953439	-2.57339132129905	-2.63908792163266	-2.66228929511147	0.616902416220609	0.999231639846605	0.554516410455462	-2.70307077126581	-2.62395806121049	0.676586751525337	1.4031684789339	1.38038253671156	-2.83847757735303	-2.68180664141933	0.318177523034996	-2.58127619924202	1.45109265934304	-2.63478285434444	0.598183761347785
A3B246	-1.86147904298103	1.3252466435256	1.70719140926404	1.38989218843031	-1.87487814559831	-1.85269450474812	-1.78838589322814	-1.86494377389143	1.14079627740774	-1.84183210051065	-1.84146861746595	-1.73715522093524	-1.88379418214904	-2.02828006480884	-1.8914370308682	-1.91648423418215	-1.8051792276262	1.31901909980932	-1.85115206581029	-1.85631364768185
A3B247	4.14085918179816	3.19333953220903	0	0	4.64192616665875	3.25347566917962	0	0	-0.00000000000000128137060152597	0	3.30012241158639	0	3.1377304467273	0	-0.00000000000000128137060152597	3.02853093419394	0	4.10703891618589	0	0
A5B236	1.49373447044546	1.45647522465117	-2.57472768666884	0.60432837522626	-2.66362683874212	2.0959760085679	-2.56299652198246	-2.65211820705258	1.25778334531989	-2.6252951088778	0.675249709423488	-2.50291282512589	1.93608537266985	-2.83981718739962	1.34340814748421	1.77883696008915	-2.5826126731669	-2.65728371962662	-2.63612004388468	0.596846493917075
A5B237	5.09937807935263	3.19333953220903	0	6.42275821994691	3.16813803158002	5.92496046218209	5.06196380100748	5.08293940240404	5.889638568613	0	6.61985170090745	4.85576235589394	6.30403352087461	0	5.29297486029667	7.43325002202615	0	5.85331863797003	0	5.43314503561164
A5B238	0.986755591365162	0.0305679302690665	-3.07706783193654	-3.14656723858583	-3.17106845946229	-3.1439103557229	-3.06463828752777	-3.15891797611169	-3.21313019176716	-3.1305777592534	-3.13013122193945	-3.00088172908872	-0.0436565741580942	-3.35644066501133	-0.0795034805604005	-0.193225236772441	-3.08541885817306	-3.16437224492731	-3.14201854342004	-3.14834746423965
A5B239	1.94579770639707	-3.1609467316356	0.43037197715286	-3.14474263146011	-3.1692434558037	-3.14208579209566	-3.06281506827839	-3.15709316806656	-3.21260670748147	-3.12875341540135	-3.1283068854915	-2.99905965972761	-3.18086367842336	-3.35461291241915	-3.19018663993774	-3.21993037265396	-3.08359527761629	-3.16254734882282	-3.14019401082561	-3.14652282802311
A5B240	1.49319526215082	0.537027822618158	-2.57527124010078	-2.64096908520126	0.503967151372807	0.615021298891937	-2.563540007892	-2.65266218761324	0.34703903278902	-2.62583894491389	0.674705875692599	-2.50345595305676	0.464221714105045	-2.84036208480994	1.34286876186637	0.316295093179637	-2.58315627156143	0.530592729791888	-2.63666393868452	0.596302566854911
A5B241	-4.28006958857407	-1.0967741521394	-0.692760249471754	-1.02804424207154	-1.13083649036177	-1.01648170723346	-4.18503975388776	-4.2859969272232	-4.34305918395368	-4.25569834857988	-0.955098212735983	-4.11649479755682	1.48805806578762	-4.49608731467663	-1.20794754274265	-4.35303358585769	-4.20733255898935	-4.291823401117	-4.26793466601649	-1.03574402029805
A5B242	-0.851188995821481	-4.07960309833593	-3.98866649016996	-4.06243445092599	-4.0883892594849	-4.05961836509295	-3.97545025031303	-4.07552119102291	-4.13406121233031	-4.04548215644631	-0.744886156319934	-0.00279703629968789	-4.10048689974259	-4.28395322717195	0.469983227425437	-1.11347151754319	-3.99754204050583	-4.08129837069887	-4.05761300401254	-4.06432117568191
A5B243	-4.07015424784572	-4.07815348549939	-3.98721793333663	-4.0609850318633	-4.08693954846353	-4.05816897805782	-3.97400185318724	-4.07407162402638	-1.08197033299873	-4.04403293123153	-0.743436936556838	-3.90609545197114	-4.0990456747021	-4.28250149242509	-0.997704263715546	0.349976356559034	-3.99609337732711	-4.07984873886637	-0.796425120093651	-4.06287173519995
A5B244	0.986755591365162	-3.16277160193996	-3.07706783193654	-3.14656723858583	-3.17106845946229	-3.1439103557229	-3.06463828752777	-3.15891797611169	-0.16248089617282	0.167994599160584	-3.13013122193945	-3.00088172908872	-0.0436565741580942	-3.35644066501133	1.38962534197332	-0.193225236772441	-3.08541885817306	-3.16437224492731	-3.14201854342004	-3.14834746423965
A5B245	-0.307439809766475	0.574636359210254	-3.44936333472825	-0.276180351153545	-3.54614113131896	-3.51819970701048	-3.43655242036729	-3.5336420666067	-0.537894018837485	-3.50447696991743	-0.203894890030344	0.53396048111205	-3.55591039667316	-3.73647380461414	0.459717978340618	-0.569719941168711	-3.45796869637519	-0.350832727433435	-3.51625276185039	-3.52276583412244
A5B246	0.066302570510815	0.0305679302690665	-3.07706783193654	-3.14656723858583	-3.17106845946229	-3.1439103557229	-3.06463828752777	0.046379244805358	-3.21313019176716	-3.1305777592534	-3.13013122193945	-3.00088172908872	-0.0436565741580942	-3.35644066501133	0.834504764454238	-0.193225236772441	-3.08541885817306	1.49944884455682	-3.14201854342004	0.0906092933943786
A5B247	0.0711850290273388	-4.07886096015383	-3.98792490551771	-4.06169241431657	-4.08764706983587	-0.805400676092113	-0.413816789891636	-4.07477907686936	-4.1321393090207	-4.04474022144778	0.180698346039203	-3.90680194521988	-0.960835027733128	-4.28320997668233	-0.997224028092753	-0.203956275941837	-3.99680040011089	-0.892135765162947	-4.05687099616844	-0.824622370210916
A6B236	-3.15358037295556	1.50818083736109	-3.07524439580107	-3.14474263146011	-3.1692434558037	-3.14208579209566	-3.06281506827839	-3.15709316806656	-0.161957411887132	-3.12875341540135	-3.1283068854915	-2.99905965972761	-0.0431332316960591	-3.35461291241915	-0.0789800960488334	-3.21993037265396	-3.08359527761629	1.5012737406613	-3.14019401082561	-3.14652282802311
A6B237	-1.86092265641858	-1.86891203538294	-1.79924343594024	-1.85568037692255	-1.87569735501316	-1.85351350722172	-1.78920426348756	-1.86576289131112	-1.90929632996789	-1.84265099962853	-1.84228751310185	-1.73797305047795	1.25449279244722	-2.02910056712229	1.22032608843146	-1.91730381732503	-1.80599776779149	2.2368183997657	-1.85197105368973	1.38182407334107
A6B238	-3.15358037295556	-3.16354252914594	-3.07783816128509	-3.1473380560822	-3.17183944225867	-3.1446811550863	-3.06540852646274	-3.1596888773641	-3.21260670748147	-3.13134846700017	-3.1309019265997	-3.00165148866408	-3.18086367842336	-3.35721279371406	-3.19018663993774	-3.22252748502224	-3.08618924772656	-3.1651431828884	-3.14278932984695	-3.14911829386294
A6B239	-3.82386601520195	-0.64001079069459	-3.74351099965892	-3.81638364176886	-3.84203404177386	-3.81360091077015	-3.73045999590438	-3.82931621878568	-0.834962438174743	-3.79963311246338	-3.79916519425	-3.66342573118093	-3.85242075416985	-4.03547046720097	-3.86217244107397	-3.89503531857341	-3.75227641946055	-3.83502578119337	-3.81161934122983	-3.81824805537578
A6B240	0.0668257879882525	-3.16354252914594	0.427778211668839	-3.1473380560822	-3.17183944225867	0.108794514093321	-3.06540852646274	0.0456083435529493	-0.161957411887132	-3.13134846700017	-3.1309019265997	-3.00165148866408	-0.0431332316960578	-3.35721279371406	0.835028148965805	-3.22252748502224	-3.08618924772656	0.0232772745080533	-3.14278932984695	-3.14911829386294
A6B241	0.316005745493705	-0.638556238572297	-3.74205750970579	-3.8149292845521	-3.84057939089327	-3.812146585768	-3.72900666659104	-3.82786171277113	-0.835950334328696	-3.79817895022654	-0.49758862591028	-3.66197325359422	-0.715677951083251	-4.03401378076852	-0.751953615694646	0.0437236002480716	-3.75082282254124	-3.83357120996417	-3.81016503921038	-3.81679367661467
A6B242	-1.86147904298103	-1.86809288868343	-1.79842496368989	-1.85486135399237	-1.87487814559831	-1.85269450474812	-1.78838589322814	-1.86494377389143	-1.9098530181866	-1.84183210051065	1.45865379412045	-1.73715522093524	-1.88379418214904	-2.02828006480884	1.21976951302071	1.11204670001178	1.66498930319363	-1.86940135758714	-1.85115206581029	1.38264310995218
A6B243	-0.306423939761902	-3.53784332953849	-3.44959992095384	-3.52117061715942	-3.54637790141167	-3.5184364254916	-3.43678898115015	-3.53387881375607	-3.5875269418019	-3.50471366262004	0.720710988353769	0.533724055231646	0.49845763714096	2.25794050042334	0.460734163013397	0.338815940809838	0.0119632312774267	1.12433114717638	6.58548090208906	-3.52300256111778
A6B244	0.613013211087871	-3.53508625125904	-3.44684492635783	-0.273660378816471	-0.375482597810075	0.660100970567467	-3.43403430167566	-3.53112182592958	0.926055112875403	-3.50195734920118	-3.50149769078925	-3.36826890206699	-3.55591039667316	3.11298051787736	0.459717978340618	0.341574367312712	-3.45545009511313	0.570306089641097	7.26017368909949	-0.28128906529867
A6B245	0.572742241296477	3.39330755458234	1.86673055278274	-2.6396314101943	-2.66283290673017	2.49818900955467	0.998688581970972	-2.65132436137479	1.81098816450191	-2.62450146807095	1.60088591718081	1.40262577787152	1.37984319573376	-2.83902204211534	-2.68234602703717	0.317633664802773	-2.58181936923605	0.531930622312657	-2.63532631977684	-2.64131649387564
A6B246	1.35892711796278	-1.86809288868343	-1.79842496368989	-1.85486135399237	-1.87487814559831	-1.85269450474812	-1.78838589322814	-1.86494377389143	-1.9098530181866	-1.84183210051065	2.3834963643387	-1.73715522093524	1.25393626457826	-2.02828006480884	2.13377775803534	-1.91648423418215	-1.8051792276262	1.31901909980932	-1.85115206581029	-1.85631364768185
A6B247	0.572742241296477	-2.65497383648989	-2.57393444647704	-2.6396314101943	-2.66283290673017	1.53866403531418	-2.56220337751115	-2.65132436137479	1.25724385378038	-2.62450146807095	0.67604334696256	1.40262577787152	0.464221714105045	-2.83902204211534	0.428860516851732	1.22640641007333	-2.58181936923605	1.45054908110209	-2.63532631977684	-2.64131649387564
A7B236	-3.154103590433	-3.16277160193996	-3.07706783193654	-3.14656723858583	-3.17106845946229	-3.1439103557229	1.43379741658598	-3.15891797611169	2.01296359201145	0.167994599160584	1.65384778344533	-3.00088172908872	1.42766774342891	-3.35644066501133	-3.1907100244493	1.66767528528656	-3.08541885817306	3.33192004261124	-3.14201854342004	-3.14834746423965
A7B237	0.572742241296477	-2.65497383648989	6.44535580085987	-2.6396314101943	-2.66283290673017	7.04326744769639	-2.56220337751115	0.553972859542256	-2.70361026280532	-2.62450146807095	-2.62407906462383	-2.50212018814063	-2.67350873262225	2.7046575732135	0.428860516851732	1.22640641007333	-2.58181936923605	-2.6564898350838	1.54706302838438	1.51913773711699
A7B238	-2.64766391964733	0.538365695719141	3.14823621933299	-2.6396314101943	-2.66283290673017	4.275921794593	0.998688581970972	-2.65132436137479	-2.70361026280532	-2.62450146807095	-2.62407906462383	-2.50212018814063	-2.67350873262225	-2.83902204211534	-2.68234602703717	-2.71089726939116	-2.58181936923605	-2.6564898350838	-2.63532631977684	0.597640263758387
A7B239	3.22040616094381	3.19333953220903	3.50561637295393	0	3.16813803158002	5.92496046218209	0	0	-0.00000000000000128137060152597	0	3.30012241158639	0	0	0	-0.00000000000000128137060152597	3.93730367946449	0	0.00000000000000128137060152597	0	0
A7B240	-2.6471247113527	-2.65443026625559	3.40725165075811	-2.63908792163266	-2.66228929511147	0.616902416220609	-2.56166031963551	-2.65078081046159	-2.70307077126581	-2.62395806121049	-2.62353566006106	-2.50157748707824	-2.67296939164446	-2.83847757735303	-2.68180664141933	2.179078045094	-2.58127619924202	0.532474200553603	-2.63478285434444	-2.64077299628624
A7B241	0.0707049339524373	-0.887196049255623	-3.98959831795821	-0.818613271381215	-4.08932180354405	-0.807075038915684	-0.415490019504084	-4.07645364570466	-0.171765512007369	-4.04641439902633	-4.04594080710313	-3.90847420545462	-0.961315227974798	-4.28488702702867	-0.0836960187009082	0.347593153356642	-3.99847393429199	-0.89381040821946	-4.05854533283516	-0.826296794218057
A7B242	-3.82386601520195	-3.83335032290362	0.697153999600867	-3.81638364176886	-0.67389601019385	1.63539984648501	-3.73045999590438	-3.82931621878568	-3.88561173376909	-3.79963311246338	-0.499042782663603	-3.66342573118093	-3.85242075416985	-4.03547046720097	-3.86217244107397	-0.866504384379474	-3.75227641946055	-0.646605323796913	-3.81161934122983	-3.81824805537578
A7B243	-0.604941162547555	-3.83239264983282	-3.7425540168527	-3.81542609535898	-3.84107630452436	-3.81264338529524	-3.7295031174932	-3.82835857567833	-0.836444459418617	-3.79867569276322	-3.79820777811337	-3.6624694062867	0.199449531912779	-4.03451140716086	-3.86365419571014	-3.8940771989012	-3.75131936714036	0.272970820480076	-3.81066183069045	-0.578333737331092
A7B244	-2.64820330000746	-2.65551758109528	0.931138627523666	-2.6401750730176	1.42219399377711	0.615815291851469	0.998145350410116	0.553429134283843	-2.70414992678781	-2.62504504908363	0.675499768250644	-2.50266306241156	1.37930368251371	-2.83956668245021	0.428320958932141	1.77908720983539	-2.58236271306524	1.45000532847931	2.1047489861954	-2.64186016573879
A7B245	0.0668257879882525	0.0310953677015392	-3.07654081420932	0.098713664250222	-0.00240295142364455	1.03239775529667	-3.06411133327086	-3.15839055689937	1.30199171982576	-3.13005047588663	0.170518470846915	-3.00035511133588	-0.0431332316960591	-3.35591238405971	1.39014872648488	0.716075217513997	-3.08489179818177	-3.16384479994442	-3.14149120481815	0.0911366623211565
A7B246	1.35948350452523	1.3258079927603	-1.79786408944419	-1.85430009192529	-1.8743167521945	1.4013424120916	-1.78782509080898	-1.86438244527783	1.14135296562645	-1.84127092564074	1.45921496653812	-1.73659479930471	-1.88323765428008	-2.02771776080329	2.1343343334461	2.02138110189873	-1.80461830555152	2.23819891637884	-1.85059082842844	-1.85575237597967
A7B247	1.58899887149305	-3.83212598362336	0.698377435299874	-3.8151594682947	-3.84080961847975	-0.558901095521288	-3.72923669685946	-3.82809191872931	-0.834962438174743	-3.79840910485812	-0.497818779723155	-3.66220315668284	-3.85242075416985	-4.03424431223161	-3.86217244107397	0.0434932848056653	-3.75105289276667	-3.83380142565884	-3.81039521471193	-3.81702386357387
A8B236	-0.140145217180062	-1.09539614783172	-0.691383199192713	-4.27141995524319	-1.12945839735409	-1.01510390691657	-0.622770888417692	-4.28461896432749	0.170604007116431	-4.25432069445472	-4.25384297512241	-4.11511865664058	0.699095515407395	-4.49470739357083	1.95436810349982	0.138873547894735	-4.20595541263122	1.56287325832167	-4.26655688634199	-4.27332292933062
A8B237	0.572742241296477	-2.65497383648989	4.39523975954657	-2.6396314101943	-2.66283290673017	2.49818900955467	-2.56220337751115	-2.65132436137479	-2.70361026280532	-2.62450146807095	1.60088591718081	1.40262577787152	1.37984319573376	-2.83902204211534	1.34286876186637	0.317633664802773	-2.58181936923605	0.531930622312657	-2.63532631977684	-2.64131649387564
A8B238	-0.306423939761903	-3.53658260119334	-3.44834015218582	-0.27515652247638	-3.54511708384388	-0.263700233155265	-3.43552935750076	-3.53261812706653	0.373327174783804	-3.50345328650957	-3.50299362229433	-3.36976305653949	-0.417163844487758	-3.73544824038016	-0.453274082001241	-0.568695455225998	-3.45694543414257	0.568809719485291	-3.51522897429808	-3.52174198939356
A8B239	0.572742241296477	-2.65631170959087	-2.57527124010078	-2.64096908520126	-2.66417088020721	-2.63845437028768	1.93489569622175	0.552635033303804	-2.70361026280532	-2.62583894491389	-2.6254165358938	-2.50345595305676	-2.67350873262225	-2.84036208480994	-2.68234602703717	1.77829267120183	-2.58315627156143	-2.65782772760457	-2.63666393868452	-2.64265419077912
A8B240	-3.15462695939681	0.0313385280166854	0.429318541991349	-3.14579675034879	1.47162836043359	-3.14313988558594	-3.06386837680368	-3.15814740427055	-0.163004532273727	-3.12980738056692	0.170761565252504	-3.0001122968571	1.42714424932651	-3.35566886795157	-0.0800270167641624	1.26954332514483	2.85770199431234	0.0248188209523714	-3.14124808619609	-3.14757696389768
A8B241	2.27993652537957	-1.86753153944873	-1.79786408944419	1.39045345049739	-1.8743167521945	-1.85213325708802	1.77306686867314	-1.86438244527783	1.14135296562645	-1.84127092564074	2.94307156033651	-1.73659479930471	1.25449279244722	-2.02771776080329	2.1343343334461	-1.91592257756576	8.31177599012084	1.31958045758941	-1.85059082842844	1.38320438165436
A8B242	-0.60345985425814	-0.64001079069459	-3.74351099965892	-0.571630099346182	-0.67389601019385	-0.560125241590534	-3.73045999590438	-3.82931621878568	-3.88561173376909	2.36457612363411	-0.499042782663603	0.241320234831208	-0.714690307442554	-4.03547046720097	0.163042347829576	0.595493193642725	6.68053408160944	0.828795308290751	-3.81161934122983	0.342206175616852
A8B243	0.417296156180755	-4.29105453463493	-4.1993168042936	-4.27373851212933	1.05567514329446	-4.2708980837759	-0.625087875181466	-4.2869377484948	0.569775380209205	2.98434345602444	-4.25616122580772	-4.1174343423239	-1.17241088414471	-4.4970295080011	-4.32008916363197	-0.416671189140486	6.22453769289825	-1.10434380603072	-4.26887535891653	-1.03668476149077
A8B244	0.986232222401348	-3.16200100419234	0.429318541991349	-3.14579675034879	4.00761466207889	-3.14313988558594	-3.06386837680368	-3.15814740427055	1.70011597253193	1.09352461051254	1.09560413547076	-3.0001122968571	1.82732633129161	2.35449513491579	-3.19123356065307	1.98060630190377	0.385519733716633	0.0248188209523714	1.04114126196513	1.01287726709496
A8B245	-0.60345985425814	-3.83335032290362	-3.74351099965892	-3.81638364176886	3.48688483574448	-3.81360091077015	4.40826051254705	-3.82931621878568	-0.834962438174743	3.67438325850333	-0.499042782663603	-3.66342573118093	-0.714690307442554	1.82393821789544	-3.86217244107397	-3.89503531857341	0.651287209294163	0.828795308290751	-3.81161934122983	-3.81824805537578
A8B246	0.316005745493705	-3.83189577078132	-0.236441136751859	-3.8149292845521	-3.84057939089327	-0.558670916588375	-3.72900666659104	-0.622564491854077	0.0742544866626608	-0.499606591812554	-3.79771103749667	0.24277271241792	0.199943530545468	1.50966583456033	1.42981470071312	-3.89358007921642	-0.28065429172142	-0.645150752567708	-3.81016503921038	-0.577836918980645
A8B247	0.572202860936348	1.45672535320169	0.931138627523666	1.52639942077005	7.64863109475851	0.615815291851469	9.49645313407089	1.47302092959239	0.346499368806536	7.16439302287205	0.675499768250644	-2.50266306241156	1.37930368251371	5.69910053417656	1.34232920394678	2.96433192504121	2.38326047724216	-2.65703358770658	-2.63586995943991	-2.64186016573879
A9B236	0.986755591365162	0.0305679302690665	0.428548541017388	-3.14656723858583	-3.17106845946229	1.99139538185356	-3.06463828752777	0.046379244805358	1.70063960863284	-3.1305777592534	-3.13013122193945	-3.00088172908872	2.80527588974358	-3.35644066501133	1.38962534197332	1.66767528528656	-3.08541885817306	0.942666671258586	-3.14201854342004	0.0906092933943786
A9B237	0.573281449591112	0.53757182256322	-2.57472768666884	-2.64042516719642	-2.66362683874212	3.47672381282084	-2.56299652198246	-2.65211820705258	-2.70307077126581	-2.6252951088778	-2.62487270216291	-2.50291282512589	0.464761055082842	-0.0944200989841637	1.34340814748421	0.316839382066948	0.887555857652926	-2.65728371962662	-2.63612004388468	-2.64211026371695
A9B238	-3.82337248123352	-3.83285321359335	-3.74301426300264	-3.81588660084082	0.244033788738307	-3.8131038811445	-0.169071356123946	-3.82881912565227	-3.88511796265174	-3.79913613994318	-3.79866822365366	-3.662929349692	-3.85192710910878	-4.03497260903957	-3.86167875863784	0.0427657113202876	-3.75177964527667	-3.83452866517945	-3.81112231966757	-0.578794249254951
A9B239	0.986755591365162	0.0318657408510521	-3.07577103708455	-3.14526961439597	-3.16977055443435	-3.14261276234017	0.497550313199279	-3.1576202096238	-3.21313019176716	-3.12928032152317	0.171288622133327	0.905160063770998	1.42766774342891	-3.35514081310778	-3.1907100244493	1.2700708090772	-3.08412196103643	-3.1630744160728	-3.14072097201583	-3.14704981944666
A9B240	0.613521212808686	1.13203304823041	-3.44885167630942	-3.52042191190542	2.47475922798684	0.658093025988647	0.124851137661557	-3.53313002947269	0.92656336605227	-3.5039650609228	-3.50350539466601	-3.37027420378725	-0.41767183043114	-0.990563866252105	-0.453782107529365	-0.569207630677039	-3.45745699808851	0.568297792798469	-3.51574080075377	-0.283297086787161
A9B241	-2.6471247113527	0.538909265953439	-2.57339132129905	-2.63908792163266	1.42328139144108	0.616902416220609	-2.56166031963551	0.554516410455462	0.347578524328535	-2.62395806121049	0.676586751525337	-2.50157748707824	1.38038253671156	-2.83847757735303	2.29841054619857	1.78017510105719	-2.58127619924202	0.532474200553603	-2.63478285434444	0.598183761347785
A9B242	-1.86147904298103	1.3252466435256	-1.79842496368989	1.38989218843031	-1.87487814559831	-1.85269450474812	-1.78838589322814	-1.86494377389143	-1.9098530181866	1.45674025790333	-1.84146861746595	-1.73715522093524	2.16955774620698	-2.02828006480884	-1.8914370308682	-1.91648423418215	-1.8051792276262	-1.86940135758714	-1.85115206581029	-1.85631364768185
A9B243	-0.850708588884854	-4.08031103469693	-0.483757549595778	-4.06314229480892	-4.08909724270415	-0.806850524511136	-3.97615760647041	-4.07622910550693	-4.1335805802334	-4.0461899078153	-4.04571631667349	-3.90824995432473	-4.1000063873288	-1.53926508775895	-0.998665047208905	-1.11417977997614	-3.99824952364001	-4.08200631612562	-4.05832082170555	-4.06502902978715
A9B244	-0.307439809766475	-3.53634600270943	-3.44810372143239	-3.51967349719268	-3.54488046976515	-3.51693933971554	0.125599007366942	-3.53238153586347	0.372310802153872	-3.50321674959274	-0.202634674657019	-3.36952678565968	0.497441531682862	-3.73521130488546	0.459717978340618	1.29244177383594	-3.4567089864974	-3.53799259519953	-3.51499241530796	-3.5215054182851
A9B245	-0.306423939761902	-0.34450379732946	-3.44959992095384	-3.52117061715942	-3.54637790141167	-3.5184364254916	-3.43678898115015	-0.328581592839024	-3.5875269418019	-3.50471366262004	-3.50425399345088	2.05299838647942	1.05416047309924	-3.73671089707561	-0.453274082001241	-0.569956804460718	-3.45820529954239	1.12433114717638	-3.51648947669156	0.637451669874855
A9B246	1.49319526215082	-2.65497383648989	0.931681926476889	-2.6396314101943	-2.66283290673017	-2.6371167280218	-2.56220337751115	-2.65132436137479	0.34703903278902	-2.62450146807095	-2.62407906462383	-2.50212018814063	-2.67350873262225	-2.83902204211534	0.428860516851732	-2.71089726939116	-2.58181936923605	3.55384273746789	-2.63532631977684	-2.64131649387564
A9B247	-1.86092265641858	1.3258079927603	1.70775228350975	-1.85430009192529	-1.8743167521945	-1.85213325708802	-1.78782509080898	-1.86438244527783	2.05155778661781	-1.84127092564074	-1.84090744504827	-1.73659479930471	-1.88323765428008	-2.02771776080329	-1.89088045545744	2.02138110189873	-1.80461830555152	1.31958045758941	-1.85059082842844	-1.85575237597967
A18B224	-3.154103590433	-3.16277160193996	-3.07706783193654	-3.14656723858583	-3.17106845946229	0.109565313456719	0.496253671954349	-3.15891797611169	-3.21313019176716	0.167994599160584	0.169991189646941	-3.00088172908872	-3.18138702088539	-3.35644066501133	-3.1907100244493	1.26877234124976	-3.08541885817306	-3.16437224492731	-3.14201854342004	-3.14834746423965
A18B225	-0.603953505939643	-0.639283386333987	-3.74278412679753	-0.57090279251449	-3.84130658799552	-3.81287362005835	-3.72973320342553	-3.82858883749696	-0.835456327256291	-3.79890590319779	-3.79843798772831	-3.6626993648972	0.200437411294419	-4.0347419948497	0.162548547523195	0.995123885926181	-3.75154949307436	-3.83429836727184	-3.81089206201835	-3.8175207377635
A18B226	-0.307439809766475	-3.53508625125904	-3.44684492635783	-3.51841392123915	-3.54362062939009	-3.51567979276851	-3.43403430167566	-0.325824605012534	-3.58854331443183	-3.50195734920118	-3.50149769078925	-3.36826890206699	-3.55591039667316	-3.73394963153711	-0.45429026667402	-3.59572931215178	-3.45545009511313	-3.53673282654479	-3.51373288905486	-0.28128906529867
A18B227	0.0707049339524373	-4.07934421393224	-3.98840780713853	-4.06217560347496	-4.08813035635713	-0.805883854569899	-3.97519159773508	-4.07526231536096	-4.13261962859307	-4.04522334596146	-4.04474975846108	-3.90728451119424	-4.0990456747021	-4.28369393807955	-4.10891080760445	0.348785075182141	-3.99728333719593	-0.892619025276166	-4.05735416702642	-4.06406232414626
A18B228	0.0692640250328655	-4.07841223410193	-3.987476481031	-4.0612437435984	-4.08719831574694	-4.05842768369941	-3.97426037049823	-4.07433036390734	-0.17320709574461	-4.04429160608569	-0.74369561037379	-3.90635380819313	-0.04713497138657	-4.28276064478092	-4.11035213899718	-4.1408110342583	-3.99635194525326	-4.08010749108311	-4.05642234112102	-0.824173693376232
A18B229	0.316005745493706	-3.83311997196584	-3.74328080774407	-3.81615332001039	-3.84180367605115	-3.81337059383458	-3.73022982804094	-3.82908587475065	-0.835950334328696	-3.79940281989582	-3.79893490250339	-3.66319569084546	-3.85340839781055	-4.03523979676557	-3.86316015958355	-0.86627393055943	-3.75204621153062	-3.83479542739512	-3.81138902773503	-3.81801773039189
A18B230	1.54419696472598	-3.16277160193996	-3.07706783193654	-3.14656723858583	-3.17106845946229	-3.1439103557229	-3.06463828752777	-3.15891797611169	-3.21313019176716	-3.1305777592534	-3.13013122193945	-3.00088172908872	-3.18138702088539	-3.35644066501133	-3.1907100244493	-3.22175617096638	-3.08541885817306	-3.16437224492731	-3.14201854342004	-3.14834746423965
A18B231	-2.6471247113527	-2.65576770964581	-2.57472768666884	-2.64042516719642	-2.66362683874212	-2.63791046582592	-2.56299652198246	-2.65211820705258	-2.70307077126581	-2.6252951088778	-2.62487270216291	-2.50291282512589	0.464761055082842	-2.83981718739962	-2.68180664141933	-2.71169155212699	-2.5826126731669	-2.65728371962662	-2.63612004388468	-2.64211026371695
A18B232	0.572742241296477	-2.65631170959087	-2.57527124010078	0.603784457221419	-2.66417088020721	-2.63845437028768	-2.563540007892	-2.65266218761324	-2.70361026280532	-2.62583894491389	-2.6254165358938	-2.50345595305676	1.37984319573376	-2.84036208480994	-2.68234602703717	0.316295093179637	-2.58315627156143	-2.65782772760457	-2.63666393868452	-2.64265419077912
A18B233	-3.15358037295556	-3.16224416450749	-3.07654081420932	-3.14603987817245	-3.17054098300366	-3.1433830080393	-3.06411133327086	-3.15839055689937	-0.161957411887133	-3.13005047588663	0.170518470846915	-3.00035511133588	1.42819108589094	-3.35591238405971	-3.19018663993774	-0.192697527756559	0.385276732638054	0.0245756574520351	-3.14149120481815	-3.14782009531287
A18B234	0.613013211087871	-3.53508625125904	0.0587714465960999	-3.51841392123915	-3.54362062939009	0.660100970567467	0.126857657806463	-3.53112182592958	0.926055112875403	-3.50195734920118	-0.201375279202851	-3.36826890206699	1.05314436764115	-3.73394963153711	1.0148385558597	-0.567198377957845	-3.45545009511313	1.12708826293933	-3.51373288905486	0.640208408059938
A18B235	-3.52683010070571	0.575660333103635	-3.44834015218582	-3.51991006489906	-3.54511708384388	0.658604861001086	-3.43552935750076	-3.53261812706653	0.373327174783804	-3.50345328650957	0.721971359510321	-3.36976305653949	-0.417163844487758	-3.73544824038016	1.01585474053248	0.340077290044559	-3.45694543414257	-3.5382291967006	-3.51522897429808	-3.52174198939356
A19B224	-1.06059823803441	-4.28873568004074	-0.691383199192713	-1.02666641282051	-1.12945839735409	-4.26857957609619	-4.18366284789981	-4.28461896432749	-4.3439944201908	-4.25432069445472	-4.25384297512241	-4.11511865664058	-0.256789402515995	-4.49470739357083	-1.20888261974307	0.138873547894735	-4.20595541263122	-1.10202492225189	-4.26655688634199	-4.27332292933062
A19B225	-1.05966342763026	-1.09793397030871	0.803774933054113	-0.107382959790896	-1.13199638407159	-4.27111702085602	-4.18619863669411	-4.28715671012443	0.883034599824927	-4.25685786852079	-0.0314151582641789	-4.11765302881633	0.2998484433309	-4.49724876529813	0.661063100986355	-0.416890250222184	-4.20849164650065	-4.29298323390127	-4.26909429287962	-4.27586046349595
A19B226	-4.07063444686023	-4.07863658539616	-3.98770068157803	0.105106426555379	-4.0874226810564	-4.05865200276143	-3.97448454824502	-4.07455470865817	-4.13310005232581	-4.04451590204802	-4.04404231714428	-3.90657786504386	-4.09952597898676	-4.28298529892861	-4.10939114730503	-4.14103548307767	-3.99657616098219	-4.08033184508891	-4.05664665692136	-4.06335477770167
A19B227	2.76466158668753	0.537821951113741	-2.57447774543027	-2.6401750730176	-2.66337669277545	0.615815291851469	-2.562746609072	0.553429134283843	0.346499368806536	-2.62504504908363	0.675499768250644	1.40208290360058	-2.67404824584231	-2.83956668245021	1.34232920394678	1.22586237708374	-2.58236271306524	0.531386869689879	-2.63586995943991	0.597096591895237
A19B228	-0.306931808045661	-3.53583428098327	-3.44759239450162	-3.51916184791299	-3.54436871133006	-0.262952033230313	-3.43478168488941	-3.53186983127568	0.37281905533074	-3.50270517278608	-3.50224551147494	-3.3690158349827	-3.55540227715844	-3.73469878976297	-0.453782107529365	-3.59647770523658	-3.45619761981008	-3.53748086637126	-3.51448078654494	-0.282037003363401
A19B229	-4.28006958857407	-4.29127350251774	-4.19953562811365	-4.27395745357855	-4.30013441565161	-0.0953362575200474	-4.18619863669411	-4.28715671012443	-0.382205067367984	-4.25685786852079	-4.25638014006883	-0.212907062804188	-0.255854392627385	-4.49724876529813	-0.29393929772801	-1.32566299549274	-4.20849164650065	-4.29298323390127	-4.26909429287962	-1.03690370586192
A19B230	1.20562172662787	-1.27987153660839	-0.875248361758561	-4.45578313102823	-4.48212871678021	-4.45292421528323	-0.806544037702299	-4.46906779780865	-4.52801164138299	-4.43857172159955	-4.43809084980291	-4.29840514766922	-4.49394621890823	-4.68041862167188	0.0763783989860538	-4.5365268718214	-0.919713353914358	-4.47493177462112	-4.45088830284023	-4.4576985035794
A19B231	-0.139210406775916	-4.28895443058174	-4.19721817930522	-4.27163867947551	-4.29781519280536	-0.0930175326440967	-4.18388143337165	-4.28483770864486	-4.34305918395368	-4.25453939236759	-4.25406167229507	-4.11533712711887	-1.1714758742561	-4.49492643215542	-4.31915408663155	-1.32334287342653	-4.20617403423019	-1.10224367537193	-4.26677560312356	-1.03458489883705
A19B232	-4.28053694787058	-4.29058406349307	-4.19884666751335	-4.27326810234114	-4.29944493214571	-1.01695201494886	-4.18550974845239	-1.08117007094996	-4.3435267560694	-4.25616860510526	-0.0307258973185289	-4.11696452423898	-1.17194333324929	-4.49655836503332	-0.294406790261769	-4.35350418113403	-4.20780263771893	-4.29229378627074	-4.26840496650379	-4.27517110255471
A19B233	0.874434539957024	-0.64001079069459	-3.74351099965892	-3.81638364176886	-3.84203404177386	-3.81360091077015	-3.73045999590438	-3.82931621878568	-0.834962438174743	-3.79963311246338	0.42579978755465	-3.66342573118093	-3.85242075416985	-4.03547046720097	-0.750965897185062	-0.866504384379474	-3.75227641946055	-0.646605323796913	-3.81161934122983	-3.81824805537578
A19B234	1.49265588179069	0.537821951113741	2.4288328157375	3.27519903832042	0.504761338804567	0.615815291851469	-2.562746609072	-2.65186808663321	0.346499368806536	0.673527309330358	0.675499768250644	-2.50266306241156	1.37930368251371	-2.83956668245021	2.61008927533991	1.22586237708374	-2.58236271306524	0.531386869689879	-2.63586995943991	0.597096591895237
A19B235	-0.484899302774842	-4.63514195089247	0.460994086754684	5.31325790048363	-1.47596622559557	-1.3612767951378	-4.52881545823547	-4.63097783639379	-4.68946085413095	-4.60032647899416	-1.2997207205724	-4.45940219211788	-0.601876906463998	-4.84331877970992	-4.66528895162968	-0.761465225349586	-4.55138178005489	-1.4484508379642	-4.61270617169821	-4.61955103683895
A20B224	0.0707049339524373	-4.07815348549939	-0.481601560382696	4.41929282885548	-4.08693954846353	-4.05816897805782	-3.97400185318724	-4.07407162402638	-0.171765512007369	-4.04403293123153	0.740419657241554	-3.90609545197114	0.510009089612205	-4.28250149242509	0.47142455881817	0.74887930059584	-3.99609337732711	-0.891428281469917	-4.05616363982669	-4.06287173519995
A20B225	1.5452432482572	0.0303246652309467	-3.07731091957273	4.33750151318683	-3.17131174099481	-3.14415358282787	-3.06488134833401	0.965727782776602	0.748770741637809	-3.13082095917358	0.169747990642605	-3.00112464763967	0.873011440817232	-3.35668428651463	0.835551381848141	1.66743190546825	-3.08566196367464	-3.16461551315662	-3.14226176668647	-3.14859070032333
A20B226	-3.82435966688345	-3.83384755075568	-3.7440078544622	2.86610637415912	-3.84253130431203	-3.81409805885312	-3.73095679429006	-3.82981343044374	-3.88610562285063	-0.50155784496639	-3.79966228324109	-3.66392223044134	-3.8529145170616	-4.03596844469988	0.162548547523195	-3.89553278780028	-3.75277331183117	-3.83552301575619	-3.81211648124085	-3.8187452223399
A20B227	0.0668257879882525	0.0310953677015392	-3.07654081420932	2.29343743637516	-3.17054098300366	1.03239775529667	-3.06411133327086	-3.15839055689937	1.30199171982576	-3.13005047588663	0.170518470846915	-3.00035511133588	-0.0431332316960591	-3.35591238405971	-0.0789800960488334	1.66820299430245	0.385276732638054	-3.16384479994442	-3.14149120481815	-3.14782009531287
A20B228	1.35892711796278	-1.86809288868343	-1.79842496368989	-1.85486135399237	-1.87487814559831	1.4007811644315	-1.78838589322814	1.34035344702562	2.0510010983991	-1.84183210051065	1.45865379412045	2.16759074507691	2.72526058216526	-2.02828006480884	-1.8914370308682	1.11204670001178	-1.8051792276262	1.31901909980932	-1.85115206581029	-1.85631364768185
A20B229	0.0673488540420321	-3.16301486697808	-3.07731091957273	0.0979430713514556	-0.00317370941479259	0.109322086351755	0.496010611148105	-3.15916123344899	-3.21208337494789	-3.13082095917358	0.169747990642605	-3.00112464763967	-0.0426100408114861	-3.35668428651463	-0.0784568631664971	1.26852896143144	-3.08566196367464	-3.16461551315662	0.117476753046565	-3.14859070032333
A20B230	-1.86092265641858	-1.86891203538294	-1.79924343594024	-1.85568037692255	-1.87569735501316	-1.85351350722172	1.77168769599456	-1.86576289131112	1.14135296562645	-1.84265099962853	-1.84228751310185	-1.73797305047795	-1.88323765428008	0.716296521293167	-1.89088045545744	2.5732246948911	-1.80599776779149	-1.87022051642019	-1.85197105368973	-1.85713268429296
A20B231	0.417296156180755	-4.28873568004074	-4.19699957214665	-1.02666641282051	-1.12945839735409	-4.26857957609619	-4.18366284789981	-4.28461896432749	-1.29334512459646	-4.25432069445472	-4.25384297512241	-0.210372690628435	-1.17241088414471	-4.49470739357083	-1.20888261974307	-0.414351284856907	-4.20595541263122	-1.10202492225189	-4.26655688634199	-4.27332292933062
A20B232	0.987278808842599	-3.16354252914594	-3.07783816128509	-3.1473380560822	-3.17183944225867	-3.1446811550863	-3.06540852646274	-3.1596888773641	-0.161957411887132	-3.13134846700017	-3.1309019265997	-3.00165148866408	-0.0431332316960578	-3.35721279371406	-0.0789800960488334	-0.193996550828308	-3.08618924772656	0.941895733297488	-3.14278932984695	-3.14911829386294
A20B233	1.27551206415068	-3.83335032290362	-3.74351099965892	-3.81638364176886	-0.67389601019385	-3.81360091077015	-3.73045999590438	-0.624018997868632	1.34048205000952	-3.79963311246338	-3.79916519425	-3.66342573118093	-0.714690307442554	-4.03547046720097	0.163042347829576	-0.866504384379474	-3.75227641946055	-0.646605323796913	-3.81161934122983	-3.81824805537578
A20B234	0.987278808842599	0.0297970030630845	-3.07783816128509	1.01923643770545	-3.17183944225867	0.108794514093321	-3.06540852646274	0.0456083435529493	2.27008303666258	-3.13134846700017	0.169220484986692	-3.00165148866408	2.39832569229858	-3.35721279371406	1.39014872648488	2.80953046794501	-3.08618924772656	1.49867790659572	-3.14278932984695	-3.14911829386294
A20B235	1.02922383150691	-4.07696339594837	-0.480412323385044	-0.815041556329252	-4.08574937964512	-4.05697907080337	-3.97281274512978	-0.867584350566312	-0.171765512007369	-4.04284315462037	-4.04236957593342	-0.00016106156365515	-4.0990456747021	-4.28130968983902	-0.997704263715546	0.351166997707786	-3.99490405447158	-0.890238176582903	-4.05497375101924	-4.06168178479611
A21B224	-0.307439809766475	-3.53634600270943	-3.44810372143239	-3.51967349719268	-0.376742438185133	-0.263463670535917	-3.43529295211518	-0.327084314946418	1.32522648596818	-3.50321674959274	-3.50275708624341	-3.36952678565968	-3.55591039667316	-3.73521130488546	-0.45429026667402	0.34031399704749	-3.4567089864974	-3.53799259519953	-3.51499241530796	-3.5215054182851
A21B225	-0.322852666245075	0.598751580054625	0.0618429938418068	-0.287164765277542	-4.48008445791783	-0.275099622427249	-4.36539347955115	-4.4670237298047	0.955589135192534	-4.43652810652611	1.32150801265487	-4.29636375233166	-0.439683472973501	-4.67837168125654	0.0772892802683864	0.354949618576757	-4.38783901450112	-1.28446716330128	-1.18910598386719	-0.295200372238925
A21B226	4.02766100330778	1.32442749682609	-1.79924343594024	-1.85568037692255	-1.87569735501316	-1.85351350722172	-1.78920426348756	-1.86576289131112	-1.90929632996789	-1.84265099962853	1.45783489848454	2.16677291553419	2.17011427407594	-2.02910056712229	-1.89088045545744	2.01999986213946	-1.80599776779149	-1.87022051642019	-1.85197105368973	-1.85713268429296
A21B227	-3.52683010070571	-0.34450379732946	-3.44959992095384	-0.276417074736747	-0.378239869831658	-0.264960756311984	-3.43678898115015	-3.53387881375607	-3.5875269418019	-3.50471366262004	1.99559046458489	-3.37102191078049	-0.417163844487758	-3.73671089707561	1.01585474053248	-0.569956804460718	-3.45820529954239	0.567548973878154	-3.51648947669156	0.637451669874855
A21B228	1.49319526215082	-2.65497383648989	0.931681926476889	-2.6396314101943	-2.66283290673017	0.616358941157826	0.998688581970972	-2.65132436137479	1.25724385378038	-2.62450146807095	0.67604334696256	-2.50212018814063	0.464221714105045	-2.83902204211534	1.34286876186637	1.77963124282497	-2.58181936923605	-2.6564898350838	-2.63532631977684	-2.64131649387564
A21B229	-3.52733796898947	-0.342494748774248	0.0580239784523101	-3.51916184791299	-3.54436871133006	-3.51642770240993	-3.43478168488941	-0.326572610358628	1.89465468288909	6.77169385916352	-3.50224551147494	-3.3690158349827	2.24186210961258	-3.73469878976297	1.98487445487786	0.340825974227915	-3.45619761981008	-0.349060408974808	-3.51448078654494	-0.282037003363401
A21B230	1.1699464492486	-0.342258243021799	-3.44735605618716	-3.51892537288436	-3.54413219001002	-0.262715563279838	-3.43454537189861	-3.53163333279137	-0.538402405780679	-3.50246872849329	-0.20188665646015	-3.3687796562636	-0.418688203074269	-3.73446194758917	-0.454798559477613	0.341062588309833	-3.45596126463331	-0.348823900210468	-3.51424432021736	-0.281800524938624
A21B231	-3.15358037295556	-3.16224416450749	-3.07654081420932	0.098713664250222	-3.17054098300366	-3.1433830080393	0.496780626211256	-3.15839055689937	-3.21260670748148	3.03415876021086	0.170518470846915	-3.00035511133588	-0.0431332316960591	-3.35591238405971	-3.19018663993774	-3.2212284619505	-3.08489179818177	-3.16384479994442	-3.14149120481815	-3.14782009531287
A21B232	-3.15305730690178	-3.16171688028005	-3.07601394916878	0.0992408715537678	-3.17001365979832	-3.1428558134498	-3.06358453162234	-3.15786329086957	-3.21208337494789	2.84491180751301	6.37613782421408	0.904917320235416	0.873011440817232	-3.35538425735815	-3.1896634070554	-0.192169972281702	0.385803639890516	-3.16331750817591	0.118774500433895	-3.14729287950645
A21B233	0.066302570510815	-3.16147379135797	0.429845335869381	0.0994839280267058	-3.16977055443435	-3.14261276234017	-3.06334164628284	-3.1576202096238	1.70063960863284	-3.12928032152317	0.171288622133327	0.905160063770998	-0.0436565741580942	-3.35514081310778	-0.0795034805604005	-3.22045770313894	-3.08412196103643	0.0253460413236613	-3.14072097201583	-3.14704981944666
A21B234	-1.40623968855887	0.432783637170753	-1.03869170148736	-4.61961861916895	-1.47795928149526	0.117141362827929	-4.53080685679667	-1.42767348971646	-0.175750175316278	-1.3037465637154	1.1557196861916	-0.556646556408683	-0.0470616151203725	-4.84531438784414	-1.55497001280529	0.757314217577068	-4.5533735142331	-0.531825335193103	-1.35496027039278	-0.461089520509513
A21B235	-0.60345985425814	0.278892611393363	-3.74351099965892	-3.81638364176886	-3.84203404177386	0.362179852565817	-3.73045999590438	-3.82931621878568	1.59707801037497	-3.79963311246338	0.42579978755465	-3.66342573118093	0.756634010144449	-4.03547046720097	1.11804474654394	0.595493193642725	-3.75227641946055	-0.646605323796913	-3.81161934122983	-0.579291297741756
A22B224	-3.52784597071029	-3.53508625125904	-3.44684492635783	-3.51841392123915	-3.54362062939009	-3.51567979276851	-3.43403430167566	-3.53112182592958	-0.537894018837485	-3.50195734920118	2.25605756381978	-3.36826890206699	1.45332644960625	-3.73394963153711	-0.45429026667402	-3.59572931215178	-3.45545009511313	-3.53673282654479	-3.51373288905486	-3.5202458229327
A22B225	-1.40579597026974	-4.63338793804249	-1.0349472467262	-4.61587213117228	-4.64235013665454	-4.6129986990901	-4.5270627786674	-4.62922387381317	-1.63925539688261	-4.59857289122984	-0.373124568568578	-4.45765044135201	-1.51794212454017	-4.84156244024551	-4.66573271829008	-4.69701414273687	-4.54962880868591	-1.44669680428283	-4.61095243152871	-4.6177972129991
A22B226	1.35948350452523	-1.86891203538294	-1.79924343594024	-1.85568037692255	1.29244067656685	-1.85351350722172	-1.78920426348756	-1.86576289131112	-1.90929632996789	-1.84265099962853	-1.84228751310185	-1.73797305047795	1.25449279244722	-2.02910056712229	1.22032608843146	2.01999986213946	1.66417076302834	-1.87022051642019	-1.85197105368973	-1.85713268429296
A22B227	0.066302570510815	-3.16277160193996	-3.07706783193654	-3.14656723858583	-3.17106845946229	-3.1439103557229	-3.06463828752777	-3.15891797611169	-3.21313019176716	-3.1305777592534	-3.13013122193945	-3.00088172908872	-3.18138702088539	-3.35644066501133	-3.1907100244493	-3.22175617096638	-3.08541885817306	-3.16437224492731	-3.14201854342004	-3.14834746423965
A22B228	-0.307439809766475	-3.53760657508672	-3.44936333472825	-3.52093389357622	-3.54614113131896	-3.51819970701048	-3.43655242036729	-3.5336420666067	-3.58854331443183	-3.50447696991743	-3.50401730161674	-3.37078548490009	-3.55591039667316	-3.73647380461414	-0.45429026667402	0.339052804101845	-3.45796869637519	-0.350832727433435	-0.256514242117355	-3.52276583412244
A22B229	0.0668257879882525	-3.16224416450749	0.42907555874461	-3.14603987817245	-3.17054098300366	-3.1433830080393	-3.06411133327086	-3.15839055689937	-3.21260670748148	-3.13005047588663	-3.12960394073948	-3.00035511133588	2.14131402977612	-0.610515295644248	-3.19018663993774	-3.2212284619505	-3.08489179818177	-3.16384479994442	-3.14149120481815	-3.14782009531287
A22B230	-4.77134286328146	-1.58706773817949	-1.18157867903239	-4.76282017297291	-4.78940561102151	-0.584154199275075	-4.673635675635	-4.77622633679794	-4.83529834058062	-4.74544966561989	-1.44484190961508	-4.60391354579562	-0.747579774673885	-4.98936574599778	-0.230696348321719	-1.81575431280571	-4.69629923713862	-1.59372312806892	-4.75788029296757	-4.76475313259687
A22B231	-4.07111474982866	-4.07911978967052	-3.98818353385142	-0.817197664492692	-4.08790591805903	-4.05913513176868	-0.414075387800451	-4.07503789765253	-4.1335805802334	-4.04499897711517	-4.0445253903942	-3.90706038181979	-4.1000063873288	-4.28346921050623	-0.998665047208905	-4.1415189150998	-3.99705904870403	-4.08081505569526	-4.05712977831218	-4.06383792452452
A22B232	3.23845542293404	1.3258079927603	-1.79786408944419	-1.85430009192529	-1.8743167521945	-1.85213325708802	-1.78782509080898	-1.86438244527783	1.14135296562645	-1.84127092564074	1.45921496653812	-1.73659479930471	1.25449279244722	-2.02771776080329	-1.89088045545744	1.11260835662817	-1.80461830555152	1.31958045758941	-1.85059082842844	-1.85575237597967
A22B233	-1.24194035307432	-0.35755186941448	-0.871834440346451	-4.45236729596888	-4.47871223377305	-1.1960327821244	-4.36402243024486	-4.46565163443583	-1.47508537430783	-4.435156316758	-4.43467545706069	-4.29499346025501	-1.35393933714731	-4.67699764780742	-4.50168037334686	-0.0425805782159851	-4.38646772728994	-4.47151546735735	-4.44747258957151	-4.45428262098348
A22B234	0.819775758268987	1.56910387321831	-4.19790666902683	-1.02757401616195	-4.29850420375942	-0.0937063972898008	-4.18456985096594	0.797412747844641	0.571178096561561	-4.25522818393593	0.529228543983351	-4.11602516227387	-0.255387025531312	-4.49561635692661	0.261648680397074	0.536868373481069	-4.20686257197921	1.75148790987301	-4.26746445745068	-1.03527378761893
A22B235	-3.52886237463193	0.57613350047139	-3.44786732018861	-3.51943695906976	-3.5446438852949	-0.263227137497292	-3.43505657622558	-0.326847753339495	-3.58956022212704	-3.50298024224277	-3.50252057975889	-3.36929054420349	-0.419196589858717	-3.73497439917303	-0.455306985982532	-3.59675300507274	0.0136959624488488	-3.53775602330016	-3.5147558858966	0.639185354230699
A23B224	-3.82386601520195	-0.64001079069459	-3.74351099965892	-0.571630099346182	-3.84203404177386	-0.560125241590534	-3.73045999590438	-3.82931621878568	0.628986693538145	-3.79963311246338	-3.79916519425	-3.66342573118093	0.200931174186165	-4.03547046720097	0.163042347829576	-3.89503531857341	-3.75227641946055	-3.83502578119337	-3.81161934122983	-3.81824805537578
A23B225	-0.0743403338406857	-0.672690003960607	-0.251052775861195	-0.600770806737105	-4.79393155266247	-0.030573526462234	-4.67815795337528	-0.655862860622927	0.389496870537622	-1.45140189421875	0.0344901123725384	-0.703687495826153	-0.193175220657421	-2.24850024117074	-0.78711529398111	0.609264096303778	-4.70082225684488	-0.122848216817678	-4.76240526749856	-1.53032156224071
A23B226	0.0673488540420321	-3.16171688028005	-3.07601394916878	1.02106182291874	-0.00187562821830447	0.11061985572982	-3.06358453162234	0.0474339300474796	-3.21208337494789	0.169049012879486	0.171045599034933	-2.99982864577673	-3.18034048753879	-3.35538425735815	2.10331145324127	1.6687305497773	-3.08436489092931	-3.16331750817591	-3.14096401929914	1.01316135148619
A23B227	0.573281449591112	0.538909265953439	-2.57339132129905	-2.63908792163266	-2.66228929511147	0.616902416220609	-2.56166031963551	-2.65078081046159	0.347578524328535	-2.62395806121049	-2.62353566006106	1.4031684789339	1.38038253671156	-2.83847757735303	-2.68180664141933	0.318177523034996	-2.58127619924202	0.532474200553603	-2.63478285434444	-2.64077299628624
A23B228	0.0711850290273388	-4.08005206935452	-3.98911515885492	-0.818129824047068	-4.08883825861203	-0.806591602287913	-3.97589887327071	-4.07597014891823	-4.1321393090207	-4.04593101649286	-0.745335014805691	-3.90799138280571	0.910671371818981	-4.28440280558829	0.471904794440963	-0.205147938885272	-3.99799073963904	0.0252915690302011	-0.798323384112553	-0.825813339723743
A23B229	-3.52683010070571	-3.53532269390043	-3.44708120176309	-3.51865033319379	-3.54385708758028	-3.51591619965111	-3.43427055178774	-3.5313582613116	-3.5875269418019	-3.50219373045705	-3.50173407118175	0.536240947943229	-3.55489429121506	-3.73418641019306	-0.453274082001241	-0.567434928797889	-3.45568638736038	0.570069643991454	-3.51396929231895	-3.52048223827938
A23B230	-0.306931808045661	-0.343754988557256	-3.44885167630942	-3.52042191190542	-3.54562904018662	-3.51768773734732	-3.43604082182056	-3.53313002947269	-3.58803506125496	-3.5039650609228	-3.50350539466601	-3.37027420378725	-0.41767183043114	-3.73596095466757	0.460226137485273	-3.59773856487097	-3.45745699808851	0.568297792798469	-3.51574080075377	-3.52225384442119
A23B231	0.628146307313254	-4.07696339594837	-3.98602869633898	-4.05979509875193	-4.08574937964512	-4.05697907080337	-3.97281274512978	-4.07288157148336	-4.13261962859307	-4.04284315462037	-0.742247164347022	-0.00016106156365515	-4.0990456747021	-4.28130968983902	-4.10891080760445	-1.11083058031441	-3.99490405447158	0.0283802822065311	-4.05497375101924	-0.822725027162088
A23B232	-4.28053694787058	-4.2882656646035	-4.19652988957714	-4.27095000088528	-4.29712638254825	-1.01463396265409	-4.18319321567367	-4.2841489633394	-1.29287746047506	-4.25385080119996	-0.953250671999685	-4.11464929134515	-0.25632185162057	-4.49423670931785	-4.31962157916531	-1.32265379932915	-4.20548569653946	-1.10155490082697	-4.26608694928186	-4.27285296822113
A23B233	-0.849748086901909	-4.07934421393224	-3.98840780713853	-4.06217560347496	-4.08813035635713	-0.805883854569899	-0.414299638252964	-4.07526231536096	-0.171765512007369	-4.04522334596146	-4.04474975846108	-3.90728451119424	-0.961315227974798	-4.28369393807955	-0.997704263715546	-0.2044397575695	-0.527114806376108	-0.892619025276166	-4.05735416702642	-4.06406232414626
A23B234	1.5452432482572	-3.16301486697808	-3.07731091957273	0.0979430713514556	-3.17131174099481	0.109322086351755	-3.06488134833401	0.046135987468055	2.01401040883072	-3.13082095917358	0.169747990642605	-3.00112464763967	-3.18034048753879	-0.611287198099168	0.835551381848141	1.97959193819037	-3.08566196367464	0.94242340302927	-3.14226176668647	-3.14859070032333
A23B235	1.17045458444869	-0.343006470500405	0.992561277827391	-0.274919954769999	0.540690216787408	0.658841423620434	1.6266708488923	-0.327084314946418	2.30109525418117	-3.50321674959274	-0.202634674657019	1.48623557023426	-3.55591039667316	-3.73521130488546	1.72747804973375	-0.568458748223066	-3.4567089864974	0.569046320986362	-0.255253895574922	-0.282548660651073
A24B224	-0.306931808045661	-3.53457486186825	-3.44633393065912	-3.51790260409221	-3.54310920339307	-0.261692818382536	-3.43352336551528	-0.325313232712169	-0.537385765660618	-3.50144610432464	1.99885801009058	-3.36775828157262	-0.41767183043114	-3.73343745097388	-3.56498865141827	0.342086011442699	-3.45493905976887	0.570817486114127	-0.253483072634179	-0.280777740166133
A24B225	-0.0391199083023935	-1.03443828912552	-5.05265409834333	-5.12894440824864	-5.1557554574635	-1.87255879087062	-5.03897169142955	-1.93716764351088	-1.24213238479233	-5.11142420896581	-0.326955650500229	-4.9685981784393	-1.11498447037986	-5.35728462663134	-0.598185059194573	-1.27378408637202	-5.06184023772568	-1.96001176264791	-5.12396214319408	-1.89193715557267
A24B226	0.0716650201769608	-4.07837781076014	-3.98744210793587	-0.81645578705674	-4.08716388773152	-4.05839327110469	-3.97422600499919	-4.07429594274745	-1.08100979799983	-4.04425720119184	-4.04378361732576	-3.90631948295561	-0.960354931520032	-4.2827261203666	-4.1079504404222	-4.14077657838745	-3.99631756709963	-4.08007306683714	-4.05638792961373	-0.824139278237847
A24B227	-3.82435966688345	-0.639283386333987	-3.74278412679753	-3.81565633493717	-3.84130658799552	-0.559397950878726	-0.168841243943407	-3.82858883749696	-0.835456327256291	-3.79890590319779	-0.498315576141919	-3.6626993648972	-0.715184070334299	-4.0347419948497	-0.751459697491443	0.0429961091377327	-3.75154949307436	-3.83429836727184	-3.81089206201835	-0.578563980129475
A24B228	-1.05966342763026	-4.29011368434843	-4.19837662242569	-1.02804424207154	-4.29897452194178	-1.01648170723346	-4.18503975388776	-4.2859969272232	0.171539243353547	-4.25569834857988	-0.955098212735983	-4.11649479755682	1.01297138721607	-4.49608731467663	0.261181279791068	0.536397870395246	-4.20733255898935	-4.291823401117	-4.26793466601649	-1.03574402029805
A24B229	-4.906457601793	-4.91417954806927	-0.379982305409398	-4.89653364638297	-4.92320769855267	-4.89363872015198	-4.8070396218708	-4.90998470020341	-4.970622867405	-4.87910434853095	-1.5784949396547	-4.73706177520884	-1.79841421353863	-5.12378433673737	-1.83507119445866	-1.94973422297549	-4.82978366950781	-1.72750117237884	-4.89157711956645	-4.89847310429824
A24B230	-0.307439809766475	-3.53634600270943	-3.44810372143239	-3.51967349719268	-0.376742438185133	-0.263463670535917	-3.43529295211518	-3.53238153586347	-0.537894018837485	-3.50321674959274	0.722207895561233	-3.36952678565968	-3.55591039667316	-0.989814216470003	-0.45429026667402	-0.568458748223066	-3.4567089864974	-3.53799259519953	-3.51499241530796	-0.282548660651073
A24B231	-0.306931808045661	-3.53583428098327	-3.44759239450162	-3.51916184791299	-3.54436871133006	-3.51642770240993	-3.43478168488941	-3.53186983127568	-3.58803506125496	-3.50270517278608	0.722719470329712	0.535730131029437	0.497949651197579	-3.73469878976297	-3.56498865141827	-3.59647770523658	-3.45619761981008	-3.53748086637126	-3.51448078654494	-0.282037003363401
A24B232	-0.323307939804104	-4.47275324578182	-0.874790854929441	-4.45532536601393	-4.48167086434564	-4.45246645985895	-4.36697853817971	-1.26331276758171	-0.0129576572214142	-4.43811401462952	-0.212668162660649	-0.393201976231141	-1.35576032279865	-4.67996016332919	0.476715701428977	-1.50753791001605	-4.38942434606024	-0.36743502971175	-4.45043055425773	-1.21828397451751
A24B233	-1.05919616013983	-4.28964339719703	-0.692290296072902	-4.27232755858463	-1.1303661721794	-0.0937063972898008	-4.18456985096594	-0.160637638333799	-1.2919424082441	-4.25522818393593	-4.25475046140144	-4.11602516227387	-4.30873895388733	-4.49561635692661	-0.293471897122004	0.849028406203196	-4.20686257197921	-0.184314191776092	-4.26746445745068	-4.27423054525296
A24B234	2.42137234695982	0.278395383541296	4.80243204222427	-0.572127258743514	-3.84253130431203	2.30053621979363	-0.170064834807943	-0.62451620952669	2.45631265902577	0.423201787699087	0.984316722143693	1.76009806681857	1.46926319113788	-4.03596844469988	2.54759928625148	2.42201770712371	-3.75277331183117	2.01779562221383	-3.81211648124085	0.341709008652737
A24B235	1.34319073392418	-4.07767048996672	-3.986735289114	-4.060502100795	-4.0864565202669	-0.804210388464789	-3.97351926209607	-0.86829142282664	-0.171285192434996	-4.0435500646523	-0.742954071791269	-3.90561314258869	-0.960835027733128	-4.28201779098159	-4.10843057198166	-1.11153799863048	-3.99561069772554	0.584455352469964	-0.795942207281706	-0.823432039371905
A25B224	-3.52733796898947	-3.53583428098327	-3.44759239450162	-3.51916184791299	-0.376230679750048	-3.51642770240993	-3.43478168488941	-3.53186983127568	0.37281905533074	-3.50270517278608	1.68361961264087	-3.3690158349827	-3.55540227715844	-3.73469878976297	0.460226137485273	-0.567946771042641	-3.45619761981008	-0.349060408974808	-3.51448078654494	-3.52099376099743
A25B225	-0.139677766072422	-4.2882656646035	-4.19652988957714	-4.27095000088528	-4.29712638254825	-0.0923288684977436	-0.622301256191548	-0.159259947113809	-1.29287746047506	-4.25385080119996	-0.953250671999685	-4.11464929134515	-4.30967377997659	-4.49423670931785	-1.20841503527641	-1.32265379932915	-4.20548569653946	-1.10155490082697	-4.26608694928186	-4.27285296822113
A25B226	0.066302570510815	-3.16277160193996	-3.07706783193654	2.29291007596178	-3.17106845946229	1.58997611867092	-3.06463828752777	-3.15891797611169	-3.21313019176716	-3.1305777592534	-3.13013122193945	-3.00088172908872	-3.18138702088539	-3.35644066501133	-3.1907100244493	-0.193225236772441	-3.08541885817306	0.0240482124691515	-3.14201854342004	-3.14834746423965
A25B227	0.0657792015470015	-3.16200100419234	-3.07629783096258	-3.14579675034879	-0.00215977464514646	-3.14313988558594	-3.06386837680368	-3.15814740427055	0.74720028871763	-3.12980738056692	0.170761565252504	-3.0001122968571	-0.0441800682604953	-3.35566886795157	-3.19123356065307	-3.2209851870713	-3.08464879710319	-3.16360163644409	-3.14124808619609	-3.14757696389768
A25B228	0.987801874896379	0.0303246652309467	-3.07731091957273	0.0979430713514556	-3.17131174099481	0.109322086351755	-3.06488134833401	-3.15916123344899	1.30251505235934	-3.13082095917358	0.169747990642605	-3.00112464763967	-3.18034048753879	-3.35668428651463	0.835551381848141	-3.22199955078469	-3.08566196367464	0.0238049442398358	-3.14226176668647	-3.14859070032333
A25B229	0	0	0	0	0.00000000000000128137060152597	3.25347566917962	3.56089195948212	3.20529722091705	-0.00000000000000128137060152597	0	0	0	3.1377304467273	0	-0.00000000000000128137060152597	0.00000000000000256274120305193	0	3.18842045739646	0	0
A25B230	-3.82435966688345	-3.83507290723431	-3.74523230402014	-3.81810599122544	-3.84375674511534	-0.561847552226495	-3.73218110668944	-3.83103874755337	-3.88610562285063	-3.80135522695744	-3.8008873021361	-3.66514581562169	-3.8529145170616	-4.03719562359786	-0.751459697491443	-0.868227796883465	-3.75399785271998	-3.83674838854922	-3.8133416241702	-3.81997043079467
A25B231	-3.15358037295556	-3.16224416450749	-3.07654081420932	-3.14603987817245	-0.00240295142364455	-3.1433830080393	-3.06411133327086	-3.15839055689937	-3.21260670748148	-3.13005047588663	-3.12960394073948	-3.00035511133588	-0.0431332316960591	-3.35591238405971	-3.19018663993774	-3.2212284619505	-3.08489179818177	-3.16384479994442	-3.14149120481815	-3.14782009531287
A25B232	0.0668257879882525	-3.1609467316356	-3.07524439580107	-3.14474263146011	-3.1692434558037	0.111389877083965	-3.06281506827839	-3.15709316806656	-3.21260670748147	-3.12875341540135	0.171815526094894	-2.99905965972761	-0.0431332316960591	-3.35461291241915	-0.0789800960488334	-3.21993037265396	-3.08359527761629	0.0258731085736374	-3.14019401082561	0.0924339296109152
A25B233	0.572742241296477	0.537027822618158	-2.57527124010078	-2.64096908520126	-2.66417088020721	-2.63845437028768	0.997351951590116	0.552635033303804	0.34703903278902	-2.62583894491389	1.59954844591085	-2.50345595305676	-2.67350873262225	-2.84036208480994	-2.68234602703717	0.316295093179637	-2.58315627156143	0.530592729791888	-2.63666393868452	-2.64265419077912
A25B234	-0.602966320289712	-3.83407798394986	1.97793253743451	-0.572357662711019	-3.84276175231515	-0.560852788810287	-3.73118704411301	-3.83004385672396	1.02865183774826	-3.80036057810961	0.425072324656611	0.240593613482241	-3.85192710910878	-4.03619919791139	-0.75047221474894	0.0415403554206375	-3.75300360178553	0.828067637668629	-3.81234687693127	0.34147860145457
A25B235	0.628626402388156	-4.07648065857519	-0.479929936476061	-0.814558883265119	-4.08526660968671	-4.05649640836846	-3.97233041122448	-4.07239884932341	-4.1321393090207	-0.743788187475978	-4.0418869690123	0.000320991309829619	-0.960835027733128	-4.28082624825955	-0.0832157830781149	-0.2015748709188	-3.99442163226877	0.0288630258840262	-4.05449109616747	-0.822242346989393
A18B236	0.572742241296477	1.45726909780709	-2.57393444647704	-2.6396314101943	-2.66283290673017	-2.6371167280218	0.998688581970972	-2.65132436137479	1.81098816450191	-2.62450146807095	-2.62407906462383	-2.50212018814063	0.464221714105045	-2.83902204211534	2.29787116058074	2.17853418686178	-2.58181936923605	-2.6564898350838	-2.63532631977684	-2.64131649387564
A18B237	1.35892711796278	-1.86809288868343	-1.79842496368989	-1.85486135399237	-1.87487814559831	1.4007811644315	-1.78838589322814	-1.86494377389143	-1.9098530181866	-1.84183210051065	-1.84146861746595	-1.73715522093524	-1.88379418214904	-2.02828006480884	1.21976951302071	1.11204670001178	-1.8051792276262	-1.86940135758714	-1.85115206581029	-1.85631364768185
A18B238	-2.6471247113527	-2.65443026625559	-2.57339132129905	-2.63908792163266	-2.66228929511147	-2.63657325295901	-2.56166031963551	-2.65078081046159	-2.70307077126581	-2.62395806121049	1.60142932174359	-2.50157748707824	-2.67296939164446	-2.83847757735303	0.429399902469571	-2.71035341115894	-2.58127619924202	0.532474200553603	-2.63478285434444	-2.64077299628624
A18B239	0.0668257879882525	-3.16354252914594	-3.07783816128509	-3.1473380560822	-3.17183944225867	0.108794514093321	-3.06540852646274	-3.1596888773641	-3.21260670748147	-3.13134846700017	-3.1309019265997	-3.00165148866408	-3.18086367842336	-3.35721279371406	0.835028148965805	-3.22252748502224	-3.08618924772656	0.0232772745080533	-3.14278932984695	-3.14911829386294
